0,Modern Farmhouse Kitchen Design,Kitchen,https://secure.img1-fg.wfcdn.com/im/37588379/resize-h1014-w812%5Ecompr-r85/7144/71445941/Modern+Farmhouse+Kitchen+Design.jpg
1,Bohemian Kitchen Design,Kitchen,https://secure.img1-fg.wfcdn.com/im/28918552/resize-h628-w812%5Ecompr-r85/5626/56267716/Bohemian+Kitchen+Design.jpg
2,Traditional Kitchen Design,Kitchen,https://secure.img1-fg.wfcdn.com/im/65905659/resize-h552-w812%5Ecompr-r85/8170/8170704/Traditional+Kitchen+Design.jpg
3,Traditional Kitchen Design1,Kitchen,https://secure.img1-fg.wfcdn.com/im/57166406/resize-h538-w812%5Ecompr-r85/8170/8170707/Traditional+Kitchen+Design.jpg
4,Traditional Kitchen Design2,Kitchen,https://secure.img1-fg.wfcdn.com/im/75421522/resize-h1218-w812%5Ecompr-r85/1377/13772505/Traditional+Kitchen+Design.jpg
5,Bohemian Kitchen Design1,Kitchen,https://secure.img1-fg.wfcdn.com/im/59396629/resize-h540-w812%5Ecompr-r85/1452/14528224/Bohemian+Kitchen+Design.jpg
6,Modern Kitchen Design,Kitchen,https://secure.img1-fg.wfcdn.com/im/79246369/resize-h592-w812%5Ecompr-r85/1513/15138865/Modern+Kitchen+Design.jpg
7,Modern Farmhouse Kitchen Design1,Kitchen,https://secure.img1-fg.wfcdn.com/im/84653856/resize-h540-w812%5Ecompr-r85/1516/15167478/Modern+Farmhouse+Kitchen+Design.jpg
8,Modern Kitchen Design1,Kitchen,https://secure.img1-fg.wfcdn.com/im/00756840/resize-h800-w812%5Ecompr-r85/1522/15223874/Modern+Kitchen+Design.jpg
9,Modern Farmhouse Kitchen Design2,Kitchen,https://secure.img1-fg.wfcdn.com/im/31228124/resize-h540-w812%5Ecompr-r85/1522/15225925/Modern+Farmhouse+Kitchen+Design.jpg
10,Modern Kitchen Design2,Kitchen,https://secure.img1-fg.wfcdn.com/im/40255493/resize-h1218-w812%5Ecompr-r85/2383/23830632/Modern+Kitchen+Design.jpg
11,Modern Kitchen Design3,Kitchen,https://secure.img1-fg.wfcdn.com/im/55011942/resize-h540-w812%5Ecompr-r85/2383/23830621/Modern+Kitchen+Design.jpg
12,Scandinavian Kitchen Design,Kitchen,https://secure.img1-fg.wfcdn.com/im/26631557/resize-h580-w812%5Ecompr-r85/2630/26309974/Scandinavian+Kitchen+Design.jpg
13,Modern Kitchen Design4,Kitchen,https://secure.img1-fg.wfcdn.com/im/50322926/resize-h540-w812%5Ecompr-r85/2660/26609114/Modern+Kitchen+Design.jpg
14,Bohemian Kitchen Design2,Kitchen,https://secure.img1-fg.wfcdn.com/im/70748096/resize-h1218-w812%5Ecompr-r85/2871/28715133/Bohemian+Kitchen+Design.jpg
15,Minimalist Kitchen Design,Kitchen,https://secure.img1-fg.wfcdn.com/im/95009918/resize-h540-w812%5Ecompr-r85/2763/27635525/Minimalist+Kitchen+Design.jpg
16,Traditional Kitchen Design3,Kitchen,https://secure.img1-fg.wfcdn.com/im/71782884/resize-h578-w812%5Ecompr-r85/3437/34378429/Traditional+Kitchen+Design.jpg
17,Bohemian Kitchen Design3,Kitchen,https://secure.img1-fg.wfcdn.com/im/63932759/resize-h560-w812%5Ecompr-r85/3324/33241706/Bohemian+Kitchen+Design.jpg
18,Mid-Century  Kitchen Design,Kitchen,https://secure.img1-fg.wfcdn.com/im/77302544/resize-h608-w812%5Ecompr-r85/3498/34982138/Mid-Century++Kitchen+Design.jpg
19,Modern Kitchen Design5,Kitchen,https://secure.img1-fg.wfcdn.com/im/14802208/resize-h540-w812%5Ecompr-r85/3514/35148747/Modern+Kitchen+Design.jpg
20,Minimalist Kitchen Design1,Kitchen,https://secure.img1-fg.wfcdn.com/im/36645820/resize-h540-w812%5Ecompr-r85/3515/35150313/Minimalist+Kitchen+Design.jpg
21,American Traditional Kitchen Design,Kitchen,https://secure.img1-fg.wfcdn.com/im/7736647/resize-h540-w812%5Ecompr-r85/3516/35169442/American+Traditional+Kitchen+Design.jpg
22,Scandinavian Kitchen Design1,Kitchen,https://secure.img1-fg.wfcdn.com/im/51288399/resize-h1218-w812%5Ecompr-r85/3570/35709083/Scandinavian+Kitchen+Design.jpg
23,Modern Kitchen Design6,Kitchen,https://secure.img1-fg.wfcdn.com/im/31600305/resize-h540-w812%5Ecompr-r85/3572/35729103/Modern+Kitchen+Design.jpg
24,Modern Farmhouse Kitchen Design3,Kitchen,https://secure.img1-fg.wfcdn.com/im/10721935/resize-h812-w812%5Ecompr-r85/3578/35784032/Modern+Farmhouse+Kitchen+Design.jpg
25,Scandinavian Kitchen Design2,Kitchen,https://secure.img1-fg.wfcdn.com/im/22275278/resize-h546-w812%5Ecompr-r85/3572/35729139/Scandinavian+Kitchen+Design.jpg
26,Modern Farmhouse Kitchen Design4,Kitchen,https://secure.img1-fg.wfcdn.com/im/39676888/resize-h1218-w812%5Ecompr-r85/3578/35789291/Modern+Farmhouse+Kitchen+Design.jpg
27,Modern Rustic Kitchen Design,Kitchen,https://secure.img1-fg.wfcdn.com/im/94685972/resize-h540-w812%5Ecompr-r85/3581/35812772/Modern+Rustic+Kitchen+Design.jpg
28,Modern Kitchen Design7,Kitchen,https://secure.img1-fg.wfcdn.com/im/03934824/resize-h546-w812%5Ecompr-r85/3591/35917222/Modern+Kitchen+Design.jpg
29,Industrial Kitchen Design,Kitchen,https://secure.img1-fg.wfcdn.com/im/32761128/resize-h538-w812%5Ecompr-r85/3610/36100787/Industrial+Kitchen+Design.jpg
30,Modern Kitchen Design8,Kitchen,https://secure.img1-fg.wfcdn.com/im/62238458/resize-h540-w812%5Ecompr-r85/3611/36113584/Modern+Kitchen+Design.jpg
31,Modern Kitchen Design9,Kitchen,https://secure.img1-fg.wfcdn.com/im/64489201/resize-h538-w812%5Ecompr-r85/3610/36102375/Modern+Kitchen+Design.jpg
32,Modern Farmhouse Kitchen Design5,Kitchen,https://secure.img1-fg.wfcdn.com/im/95916922/resize-h540-w812%5Ecompr-r85/3611/36113706/Modern+Farmhouse+Kitchen+Design.jpg
33,Modern Rustic Kitchen Design1,Kitchen,https://secure.img1-fg.wfcdn.com/im/83695911/resize-h540-w812%5Ecompr-r85/3611/36113718/Modern+Rustic+Kitchen+Design.jpg
34,American Traditional Kitchen Design1,Kitchen,https://secure.img1-fg.wfcdn.com/im/93695009/resize-h540-w812%5Ecompr-r85/3611/36113930/American+Traditional+Kitchen+Design.jpg
35,Modern Kitchen Design10,Kitchen,https://secure.img1-fg.wfcdn.com/im/33203732/resize-h540-w812%5Ecompr-r85/3611/36114282/Modern+Kitchen+Design.jpg
36,Modern Kitchen Design11,Kitchen,https://secure.img1-fg.wfcdn.com/im/52546996/resize-h874-w812%5Ecompr-r85/3614/36148386/Modern+Kitchen+Design.jpg
37,American Traditional Kitchen Design2,Kitchen,https://secure.img1-fg.wfcdn.com/im/19924251/resize-h540-w812%5Ecompr-r85/3614/36148400/American+Traditional+Kitchen+Design.jpg
38,Scandinavian Kitchen Design3,Kitchen,https://secure.img1-fg.wfcdn.com/im/22025942/resize-h1216-w812%5Ecompr-r85/3614/36149139/Scandinavian+Kitchen+Design.jpg
39,Coastal Kitchen Design,Kitchen,https://secure.img1-fg.wfcdn.com/im/08055352/resize-h540-w812%5Ecompr-r85/3614/36149145/Coastal+Kitchen+Design.jpg
40,Modern Kitchen Design12,Kitchen,https://secure.img1-fg.wfcdn.com/im/09506572/resize-h1218-w812%5Ecompr-r85/3616/36160572/Modern+Kitchen+Design.jpg
41,Minimalist Kitchen Design2,Kitchen,https://secure.img1-fg.wfcdn.com/im/94852813/resize-h1136-w812%5Ecompr-r85/3617/36172597/Minimalist+Kitchen+Design.jpg
42,Modern Kitchen Design13,Kitchen,https://secure.img1-fg.wfcdn.com/im/53615139/resize-h558-w812%5Ecompr-r85/3743/37431900/Modern+Kitchen+Design.jpg
43,Modern Farmhouse Kitchen Design6,Kitchen,https://secure.img1-fg.wfcdn.com/im/29805926/resize-h540-w812%5Ecompr-r85/3617/36172842/Modern+Farmhouse+Kitchen+Design.jpg
44,Traditional Kitchen Design4,Kitchen,https://secure.img1-fg.wfcdn.com/im/43775694/resize-h1014-w812%5Ecompr-r85/3844/38443178/Traditional+Kitchen+Design.jpg
45,Modern Kitchen Design14,Kitchen,https://secure.img1-fg.wfcdn.com/im/89724239/resize-h546-w812%5Ecompr-r85/3844/38448001/Modern+Kitchen+Design.jpg
46,Scandinavian Kitchen Design4,Kitchen,https://secure.img1-fg.wfcdn.com/im/76051839/resize-h540-w812%5Ecompr-r85/3894/38941966/Scandinavian+Kitchen+Design.jpg
47,Scandinavian Kitchen Design5,Kitchen,https://secure.img1-fg.wfcdn.com/im/95320835/resize-h540-w812%5Ecompr-r85/3945/39452005/Scandinavian+Kitchen+Design.jpg
48,Modern Kitchen Design15,Kitchen,https://secure.img1-fg.wfcdn.com/im/00024414/resize-h1218-w812%5Ecompr-r85/4036/40364652/Modern+Kitchen+Design.jpg
49,Modern Rustic Kitchen Design2,Kitchen,https://secure.img1-fg.wfcdn.com/im/29462630/resize-h540-w812%5Ecompr-r85/4201/42010387/Modern+Rustic+Kitchen+Design.jpg
50,Modern Kitchen Design16,Kitchen,https://secure.img1-fg.wfcdn.com/im/92034737/resize-h812-w812%5Ecompr-r85/6708/67089198/Modern+Kitchen+Design.jpg
51,Minimalist Kitchen Design3,Kitchen,https://secure.img1-fg.wfcdn.com/im/99441389/resize-h812-w812%5Ecompr-r85/6942/69427079/Minimalist+Kitchen+Design.jpg
52,Modern Kitchen Design17,Kitchen,https://secure.img1-fg.wfcdn.com/im/14345792/resize-h550-w812%5Ecompr-r85/4528/45288876/Modern+Kitchen+Design.jpg
53,Modern Kitchen Design18,Kitchen,https://secure.img1-fg.wfcdn.com/im/83394801/resize-h542-w812%5Ecompr-r85/4383/43834851/Modern+Kitchen+Design.jpg
54,Modern Farmhouse Kitchen Design7,Kitchen,https://secure.img1-fg.wfcdn.com/im/23796447/resize-h1014-w812%5Ecompr-r85/7187/71870051/Modern+Farmhouse+Kitchen+Design.jpg
55,Minimalist Kitchen Design4,Kitchen,https://secure.img1-fg.wfcdn.com/im/03139426/resize-h558-w812%5Ecompr-r85/3743/37431905/Minimalist+Kitchen+Design.jpg
56,Modern Kitchen Design19,Kitchen,https://secure.img1-fg.wfcdn.com/im/89724239/resize-h546-w812%5Ecompr-r85/3844/38448001/Modern+Kitchen+Design.jpg
57,Modern Farmhouse Kitchen Design8,Kitchen,https://secure.img1-fg.wfcdn.com/im/93821604/resize-h540-w812%5Ecompr-r85/3844/38445902/Modern+Farmhouse+Kitchen+Design.jpg
58,Scandinavian Kitchen Design6,Kitchen,https://secure.img1-fg.wfcdn.com/im/76051839/resize-h540-w812%5Ecompr-r85/3894/38941966/Scandinavian+Kitchen+Design.jpg
59,Modern Kitchen Design20,Kitchen,https://secure.img1-fg.wfcdn.com/im/42894081/resize-h1014-w812%5Ecompr-r85/6286/62866177/Modern+Kitchen+Design.jpg
60,Modern Kitchen Design21,Kitchen,https://secure.img1-fg.wfcdn.com/im/48251860/resize-h632-w812%5Ecompr-r85/6281/62811113/Modern+Kitchen+Design.jpg
61,Industrial Kitchen Design1,Kitchen,https://secure.img1-fg.wfcdn.com/im/79535143/resize-h1014-w812%5Ecompr-r85/6874/68741582/Industrial+Kitchen+Design.jpg
62,Modern Kitchen Design22,Kitchen,https://secure.img1-fg.wfcdn.com/im/66039772/resize-h510-w812%5Ecompr-r85/1513/15138866/Modern+Kitchen+Design.jpg
63,Modern Kitchen Design23,Kitchen,https://secure.img1-fg.wfcdn.com/im/99203556/resize-h1234-w812%5Ecompr-r85/8171/8171810/Modern+Kitchen+Design.jpg
64,Modern Kitchen Design24,Kitchen,https://secure.img1-fg.wfcdn.com/im/90004509/resize-h1014-w812%5Ecompr-r85/1092/10928421/Modern+Kitchen+Design.jpg
65,Traditional Kitchen Design5,Kitchen,https://secure.img1-fg.wfcdn.com/im/54503330/resize-h542-w812%5Ecompr-r85/1377/13772506/Traditional+Kitchen+Design.jpg
66,Bohemian Kitchen Design4,Kitchen,https://secure.img1-fg.wfcdn.com/im/34545415/resize-h540-w812%5Ecompr-r85/1510/15104793/Bohemian+Kitchen+Design.jpg
67,Traditional Kitchen Design6,Kitchen,https://secure.img1-fg.wfcdn.com/im/43191393/resize-h522-w812%5Ecompr-r85/1466/14663109/Traditional+Kitchen+Design.jpg
68,Traditional Kitchen Design7,Kitchen,https://secure.img1-fg.wfcdn.com/im/03722415/resize-h666-w812%5Ecompr-r85/2351/23515335/Traditional+Kitchen+Design.jpg
69,American Traditional Kitchen Design3,Kitchen,https://secure.img1-fg.wfcdn.com/im/61784298/resize-h536-w812%5Ecompr-r85/1523/15231066/American+Traditional+Kitchen+Design.jpg
70,Scandinavian Kitchen Design7,Kitchen,https://secure.img1-fg.wfcdn.com/im/48212436/resize-h1216-w812%5Ecompr-r85/2351/23515707/Scandinavian+Kitchen+Design.jpg
71,Traditional Kitchen Design8,Kitchen,https://secure.img1-fg.wfcdn.com/im/71152151/resize-h540-w812%5Ecompr-r85/2580/25807934/Traditional+Kitchen+Design.jpg
72,Bohemian Kitchen Design5,Kitchen,https://secure.img1-fg.wfcdn.com/im/34000704/resize-h540-w812%5Ecompr-r85/2622/26220036/Bohemian+Kitchen+Design.jpg
73,Modern Farmhouse Kitchen Design9,Kitchen,https://secure.img1-fg.wfcdn.com/im/51801892/resize-h456-w812%5Ecompr-r85/2660/26609071/Modern+Farmhouse+Kitchen+Design.jpg
74,Mid-Century  Kitchen Design1,Kitchen,https://secure.img1-fg.wfcdn.com/im/65371037/resize-h658-w812%5Ecompr-r85/3105/31050609/Mid-Century++Kitchen+Design.jpg
75,Industrial Kitchen Design2,Kitchen,https://secure.img1-fg.wfcdn.com/im/82890725/resize-h608-w812%5Ecompr-r85/2695/26956230/Industrial+Kitchen+Design.jpg
76,Modern Kitchen Design25,Kitchen,https://secure.img1-fg.wfcdn.com/im/30678046/resize-h582-w812%5Ecompr-r85/3437/34378428/Modern+Kitchen+Design.jpg
77,Traditional Kitchen Design9,Kitchen,https://secure.img1-fg.wfcdn.com/im/45116228/resize-h574-w812%5Ecompr-r85/3437/34378436/Traditional+Kitchen+Design.jpg
78,Minimalist Kitchen Design5,Kitchen,https://secure.img1-fg.wfcdn.com/im/90965033/resize-h648-w812%5Ecompr-r85/3437/34378439/Minimalist+Kitchen+Design.jpg
79,Modern Farmhouse Kitchen Design10,Kitchen,https://secure.img1-fg.wfcdn.com/im/14237531/resize-h552-w812%5Ecompr-r85/3514/35148743/Modern+Farmhouse+Kitchen+Design.jpg
80,Modern Farmhouse Kitchen Design11,Kitchen,https://secure.img1-fg.wfcdn.com/im/49386681/resize-h540-w812%5Ecompr-r85/3514/35149565/Modern+Farmhouse+Kitchen+Design.jpg
81,Modern Farmhouse Kitchen Design12,Kitchen,https://secure.img1-fg.wfcdn.com/im/30438473/resize-h540-w812%5Ecompr-r85/3516/35169440/Modern+Farmhouse+Kitchen+Design.jpg
82,Modern Kitchen Design26,Kitchen,https://secure.img1-fg.wfcdn.com/im/74146667/resize-h1218-w812%5Ecompr-r85/3570/35709076/Modern+Kitchen+Design.jpg
83,Modern Kitchen Design27,Kitchen,https://secure.img1-fg.wfcdn.com/im/52608636/resize-h540-w812%5Ecompr-r85/3569/35696705/Modern+Kitchen+Design.jpg
84,Bohemian Kitchen Design6,Kitchen,https://secure.img1-fg.wfcdn.com/im/10503839/resize-h1206-w812%5Ecompr-r85/3577/35774581/Bohemian+Kitchen+Design.jpg
85,Modern Rustic Kitchen Design3,Kitchen,https://secure.img1-fg.wfcdn.com/im/98419157/resize-h540-w812%5Ecompr-r85/3572/35729383/Modern+Rustic+Kitchen+Design.jpg
86,Scandinavian Kitchen Design8,Kitchen,https://secure.img1-fg.wfcdn.com/im/60468528/resize-h546-w812%5Ecompr-r85/3578/35787199/Scandinavian+Kitchen+Design.jpg
87,Scandinavian Kitchen Design9,Kitchen,https://secure.img1-fg.wfcdn.com/im/51592261/resize-h540-w812%5Ecompr-r85/3578/35787204/Scandinavian+Kitchen+Design.jpg
88,Minimalist Kitchen Design6,Kitchen,https://secure.img1-fg.wfcdn.com/im/88755531/resize-h564-w812%5Ecompr-r85/3591/35917353/Minimalist+Kitchen+Design.jpg
89,Industrial Kitchen Design3,Kitchen,https://secure.img1-fg.wfcdn.com/im/64344655/resize-h540-w812%5Ecompr-r85/3591/35918677/Industrial+Kitchen+Design.jpg
90,Bohemian Kitchen Design7,Kitchen,https://secure.img1-fg.wfcdn.com/im/88046227/resize-h1032-w812%5Ecompr-r85/3611/36110299/Bohemian+Kitchen+Design.jpg
91,Industrial Kitchen Design4,Kitchen,https://secure.img1-fg.wfcdn.com/im/47187226/resize-h528-w812%5Ecompr-r85/3611/36112549/Industrial+Kitchen+Design.jpg
92,Modern Farmhouse Kitchen Design13,Kitchen,https://secure.img1-fg.wfcdn.com/im/95916922/resize-h540-w812%5Ecompr-r85/3611/36113706/Modern+Farmhouse+Kitchen+Design.jpg
93,Bohemian Kitchen Design8,Kitchen,https://secure.img1-fg.wfcdn.com/im/85205180/resize-h540-w812%5Ecompr-r85/3611/36113803/Bohemian+Kitchen+Design.jpg
94,American Traditional Kitchen Design4,Kitchen,https://secure.img1-fg.wfcdn.com/im/93695009/resize-h540-w812%5Ecompr-r85/3611/36113930/American+Traditional+Kitchen+Design.jpg
95,Modern Rustic Kitchen Design4,Kitchen,https://secure.img1-fg.wfcdn.com/im/46368575/resize-h540-w812%5Ecompr-r85/3614/36147889/Modern+Rustic+Kitchen+Design.jpg
96,Mid-Century  Kitchen Design2,Kitchen,https://secure.img1-fg.wfcdn.com/im/01101491/resize-h608-w812%5Ecompr-r85/3614/36148410/Mid-Century++Kitchen+Design.jpg
97,Industrial Kitchen Design5,Kitchen,https://secure.img1-fg.wfcdn.com/im/49577800/resize-h540-w812%5Ecompr-r85/3614/36148375/Industrial+Kitchen+Design.jpg
98,Modern Farmhouse Kitchen Design14,Kitchen,https://secure.img1-fg.wfcdn.com/im/75438022/resize-h1218-w812%5Ecompr-r85/3614/36148950/Modern+Farmhouse+Kitchen+Design.jpg
99,Modern Farmhouse Kitchen Design15,Kitchen,https://secure.img1-fg.wfcdn.com/im/98744298/resize-h540-w812%5Ecompr-r85/3614/36148681/Modern+Farmhouse+Kitchen+Design.jpg
100,Modern Kitchen Design28,Kitchen,https://secure.img1-fg.wfcdn.com/im/24702609/resize-h1218-w812%5Ecompr-r85/3616/36160564/Modern+Kitchen+Design.jpg
101,Modern Farmhouse Kitchen Design16,Kitchen,https://secure.img1-fg.wfcdn.com/im/97187742/resize-h1174-w812%5Ecompr-r85/3617/36172602/Modern+Farmhouse+Kitchen+Design.jpg
102,Glam Kitchen Design,Kitchen,https://secure.img1-fg.wfcdn.com/im/15613385/resize-h558-w812%5Ecompr-r85/3743/37431894/Glam+Kitchen+Design.jpg
103,Minimalist Kitchen Design7,Kitchen,https://secure.img1-fg.wfcdn.com/im/03139426/resize-h558-w812%5Ecompr-r85/3743/37431905/Minimalist+Kitchen+Design.jpg
104,Bohemian Kitchen Design9,Kitchen,https://secure.img1-fg.wfcdn.com/im/56531958/resize-h1216-w812%5Ecompr-r85/3844/38442265/Bohemian+Kitchen+Design.jpg
105,Modern Farmhouse Kitchen Design17,Kitchen,https://secure.img1-fg.wfcdn.com/im/93821604/resize-h540-w812%5Ecompr-r85/3844/38445902/Modern+Farmhouse+Kitchen+Design.jpg
106,Scandinavian Kitchen Design10,Kitchen,https://secure.img1-fg.wfcdn.com/im/73027117/resize-h540-w812%5Ecompr-r85/3894/38942161/Scandinavian+Kitchen+Design.jpg
107,Bohemian Kitchen Design10,Kitchen,https://secure.img1-fg.wfcdn.com/im/18022661/resize-h540-w812%5Ecompr-r85/3945/39452007/Bohemian+Kitchen+Design.jpg
108,Mid-Century  Kitchen Design3,Kitchen,https://secure.img1-fg.wfcdn.com/im/84059292/resize-h1218-w812%5Ecompr-r85/4046/40464680/Mid-Century++Kitchen+Design.jpg
109,Minimalist Kitchen Design8,Kitchen,https://secure.img1-fg.wfcdn.com/im/86277530/resize-h1014-w812%5Ecompr-r85/6874/68742098/Minimalist+Kitchen+Design.jpg
110,Mid-Century  Kitchen Design4,Kitchen,https://secure.img1-fg.wfcdn.com/im/89164176/resize-h812-w812%5Ecompr-r85/6820/68200890/Mid-Century++Kitchen+Design.jpg
111,Bohemian Kitchen Design11,Kitchen,https://secure.img1-fg.wfcdn.com/im/40856375/resize-h1218-w812%5Ecompr-r85/4217/42175578/Bohemian+Kitchen+Design.jpg
112,Modern Kitchen Design29,Kitchen,https://secure.img1-fg.wfcdn.com/im/16266986/resize-h522-w812%5Ecompr-r85/4383/43834890/Modern+Kitchen+Design.jpg
113,Glam Kitchen Design1,Kitchen,https://secure.img1-fg.wfcdn.com/im/15613385/resize-h558-w812%5Ecompr-r85/3743/37431894/Glam+Kitchen+Design.jpg
114,Modern Kitchen Design30,Kitchen,https://secure.img1-fg.wfcdn.com/im/53615139/resize-h558-w812%5Ecompr-r85/3743/37431900/Modern+Kitchen+Design.jpg
115,Bohemian Kitchen Design12,Kitchen,https://secure.img1-fg.wfcdn.com/im/56531958/resize-h1216-w812%5Ecompr-r85/3844/38442265/Bohemian+Kitchen+Design.jpg
116,Modern Kitchen Design31,Kitchen,https://secure.img1-fg.wfcdn.com/im/23273756/resize-h1014-w812%5Ecompr-r85/6273/62733940/Modern+Kitchen+Design.jpg
117,Modern Farmhouse Kitchen Design18,Kitchen,https://secure.img1-fg.wfcdn.com/im/46303534/resize-h812-w812%5Ecompr-r85/6229/62297500/Modern+Farmhouse+Kitchen+Design.jpg
118,Traditional Kitchen Design10,Kitchen,https://secure.img1-fg.wfcdn.com/im/33620411/resize-h812-w812%5Ecompr-r85/7936/79365417/Traditional+Kitchen+Design.jpg
119,Coastal Kitchen Design1,Kitchen,https://secure.img1-fg.wfcdn.com/im/52968656/resize-h812-w812%5Ecompr-r85/7646/76468930/Coastal+Kitchen+Design.jpg
120,Traditional Kitchen Design11,Kitchen,https://secure.img1-fg.wfcdn.com/im/89222112/resize-h564-w812%5Ecompr-r85/8170/8170708/Traditional+Kitchen+Design.jpg
121,Traditional Kitchen Design12,Kitchen,https://secure.img1-fg.wfcdn.com/im/18325351/resize-h540-w812%5Ecompr-r85/8170/8170703/Traditional+Kitchen+Design.jpg
122,Modern Kitchen Design32,Kitchen,https://secure.img1-fg.wfcdn.com/im/28400426/resize-h538-w812%5Ecompr-r85/8731/8731504/Modern+Kitchen+Design.jpg
123,Traditional Kitchen Design13,Kitchen,https://secure.img1-fg.wfcdn.com/im/43262851/resize-h568-w812%5Ecompr-r85/1377/13772516/Traditional+Kitchen+Design.jpg
124,Traditional Kitchen Design14,Kitchen,https://secure.img1-fg.wfcdn.com/im/13777950/resize-h540-w812%5Ecompr-r85/1377/13772504/Traditional+Kitchen+Design.jpg
125,Traditional Kitchen Design15,Kitchen,https://secure.img1-fg.wfcdn.com/im/07498071/resize-h1218-w812%5Ecompr-r85/1501/15013861/Traditional+Kitchen+Design.jpg
126,Traditional Kitchen Design16,Kitchen,https://secure.img1-fg.wfcdn.com/im/51430926/resize-h536-w812%5Ecompr-r85/1466/14663132/Traditional+Kitchen+Design.jpg
127,Modern Farmhouse Kitchen Design19,Kitchen,https://secure.img1-fg.wfcdn.com/im/07157991/resize-h540-w812%5Ecompr-r85/1517/15173810/Modern+Farmhouse+Kitchen+Design.jpg
128,Modern Kitchen Design33,Kitchen,https://secure.img1-fg.wfcdn.com/im/99641226/resize-h538-w812%5Ecompr-r85/1582/15824495/Modern+Kitchen+Design.jpg
129,Bohemian Kitchen Design13,Kitchen,https://secure.img1-fg.wfcdn.com/im/19710187/resize-h1218-w812%5Ecompr-r85/2622/26220025/Bohemian+Kitchen+Design.jpg
130,Modern Kitchen Design34,Kitchen,https://secure.img1-fg.wfcdn.com/im/93262661/resize-h540-w812%5Ecompr-r85/2580/25807905/Modern+Kitchen+Design.jpg
131,American Traditional Kitchen Design5,Kitchen,https://secure.img1-fg.wfcdn.com/im/63789758/resize-h542-w812%5Ecompr-r85/2629/26297524/American+Traditional+Kitchen+Design.jpg
132,Minimalist Kitchen Design9,Kitchen,https://secure.img1-fg.wfcdn.com/im/66316560/resize-h540-w812%5Ecompr-r85/2660/26609222/Minimalist+Kitchen+Design.jpg
133,Bohemian Kitchen Design14,Kitchen,https://secure.img1-fg.wfcdn.com/im/87313316/resize-h1218-w812%5Ecompr-r85/3014/30148228/Bohemian+Kitchen+Design.jpg
134,Scandinavian Kitchen Design11,Kitchen,https://secure.img1-fg.wfcdn.com/im/29998186/resize-h528-w812%5Ecompr-r85/2902/29024387/Scandinavian+Kitchen+Design.jpg
135,Traditional Kitchen Design17,Kitchen,https://secure.img1-fg.wfcdn.com/im/01870793/resize-h574-w812%5Ecompr-r85/3437/34378431/Traditional+Kitchen+Design.jpg
136,Traditional Kitchen Design18,Kitchen,https://secure.img1-fg.wfcdn.com/im/88765559/resize-h542-w812%5Ecompr-r85/3324/33241670/Traditional+Kitchen+Design.jpg
137,Minimalist Kitchen Design10,Kitchen,https://secure.img1-fg.wfcdn.com/im/47443305/resize-h602-w812%5Ecompr-r85/3437/34378437/Minimalist+Kitchen+Design.jpg
138,Minimalist Kitchen Design11,Kitchen,https://secure.img1-fg.wfcdn.com/im/64999629/resize-h528-w812%5Ecompr-r85/3437/34378441/Minimalist+Kitchen+Design.jpg
139,Modern Kitchen Design35,Kitchen,https://secure.img1-fg.wfcdn.com/im/20108745/resize-h540-w812%5Ecompr-r85/3515/35150318/Modern+Kitchen+Design.jpg
140,Traditional Kitchen Design19,Kitchen,https://secure.img1-fg.wfcdn.com/im/09429180/resize-h540-w812%5Ecompr-r85/3516/35169489/Traditional+Kitchen+Design.jpg
141,Modern Kitchen Design36,Kitchen,https://secure.img1-fg.wfcdn.com/im/24984419/resize-h540-w812%5Ecompr-r85/3517/35175414/Modern+Kitchen+Design.jpg
142,Modern Kitchen Design37,Kitchen,https://secure.img1-fg.wfcdn.com/im/96955008/resize-h540-w812%5Ecompr-r85/3569/35696701/Modern+Kitchen+Design.jpg
143,Bohemian Kitchen Design15,Kitchen,https://secure.img1-fg.wfcdn.com/im/82107258/resize-h1218-w812%5Ecompr-r85/3577/35774730/Bohemian+Kitchen+Design.jpg
144,Modern Kitchen Design38,Kitchen,https://secure.img1-fg.wfcdn.com/im/99295573/resize-h592-w812%5Ecompr-r85/3577/35771718/Modern+Kitchen+Design.jpg
145,Modern Farmhouse Kitchen Design20,Kitchen,https://secure.img1-fg.wfcdn.com/im/82624652/resize-h1300-w812%5Ecompr-r85/3582/35822536/Modern+Farmhouse+Kitchen+Design.jpg
146,Modern Farmhouse Kitchen Design21,Kitchen,https://secure.img1-fg.wfcdn.com/im/27918825/resize-h540-w812%5Ecompr-r85/3591/35916846/Modern+Farmhouse+Kitchen+Design.jpg
147,Industrial Kitchen Design6,Kitchen,https://secure.img1-fg.wfcdn.com/im/98397394/resize-h540-w812%5Ecompr-r85/3591/35918674/Industrial+Kitchen+Design.jpg
148,Bohemian Kitchen Design16,Kitchen,https://secure.img1-fg.wfcdn.com/im/91621658/resize-h508-w812%5Ecompr-r85/3609/36095226/Bohemian+Kitchen+Design.jpg
149,Modern Kitchen Design39,Kitchen,https://secure.img1-fg.wfcdn.com/im/62238458/resize-h540-w812%5Ecompr-r85/3611/36113584/Modern+Kitchen+Design.jpg
150,Modern Kitchen Design40,Kitchen,https://secure.img1-fg.wfcdn.com/im/07642110/resize-h540-w812%5Ecompr-r85/3611/36113588/Modern+Kitchen+Design.jpg
151,Modern Kitchen Design41,Kitchen,https://secure.img1-fg.wfcdn.com/im/07642110/resize-h540-w812%5Ecompr-r85/3611/36113588/Modern+Kitchen+Design.jpg
152,Modern Rustic Kitchen Design5,Kitchen,https://secure.img1-fg.wfcdn.com/im/83695911/resize-h540-w812%5Ecompr-r85/3611/36113718/Modern+Rustic+Kitchen+Design.jpg
153,Modern Rustic Kitchen Design6,Kitchen,https://secure.img1-fg.wfcdn.com/im/71902103/resize-h608-w812%5Ecompr-r85/3614/36147903/Modern+Rustic+Kitchen+Design.jpg
154,Scandinavian Kitchen Design12,Kitchen,https://secure.img1-fg.wfcdn.com/im/31086041/resize-h540-w812%5Ecompr-r85/3614/36147892/Scandinavian+Kitchen+Design.jpg
155,Industrial Kitchen Design7,Kitchen,https://secure.img1-fg.wfcdn.com/im/15446456/resize-h540-w812%5Ecompr-r85/3614/36148012/Industrial+Kitchen+Design.jpg
156,Industrial Kitchen Design8,Kitchen,https://secure.img1-fg.wfcdn.com/im/11442906/resize-h540-w812%5Ecompr-r85/3614/36148025/Industrial+Kitchen+Design.jpg
157,Modern Farmhouse Kitchen Design22,Kitchen,https://secure.img1-fg.wfcdn.com/im/90593501/resize-h1218-w812%5Ecompr-r85/3614/36148661/Modern+Farmhouse+Kitchen+Design.jpg
158,Modern Farmhouse Kitchen Design23,Kitchen,https://secure.img1-fg.wfcdn.com/im/61857375/resize-h540-w812%5Ecompr-r85/3614/36148668/Modern+Farmhouse+Kitchen+Design.jpg
159,Modern Farmhouse Kitchen Design24,Kitchen,https://secure.img1-fg.wfcdn.com/im/46411780/resize-h1218-w812%5Ecompr-r85/3614/36149146/Modern+Farmhouse+Kitchen+Design.jpg
160,Modern Farmhouse Kitchen Design25,Kitchen,https://secure.img1-fg.wfcdn.com/im/64810504/resize-h1174-w812%5Ecompr-r85/3617/36172596/Modern+Farmhouse+Kitchen+Design.jpg
161,Mid-Century  Kitchen Design5,Kitchen,https://secure.img1-fg.wfcdn.com/im/56214259/resize-h1140-w812%5Ecompr-r85/3662/36620521/Mid-Century++Kitchen+Design.jpg
162,Modern Farmhouse Kitchen Design26,Kitchen,https://secure.img1-fg.wfcdn.com/im/82909873/resize-h540-w812%5Ecompr-r85/3843/38436091/Modern+Farmhouse+Kitchen+Design.jpg
163,Modern Farmhouse Kitchen Design27,Kitchen,https://secure.img1-fg.wfcdn.com/im/05310491/resize-h812-w812%5Ecompr-r85/3844/38441918/Modern+Farmhouse+Kitchen+Design.jpg
164,Modern Farmhouse Kitchen Design28,Kitchen,https://secure.img1-fg.wfcdn.com/im/05172517/resize-h540-w812%5Ecompr-r85/3844/38445903/Modern+Farmhouse+Kitchen+Design.jpg
165,Scandinavian Kitchen Design13,Kitchen,https://secure.img1-fg.wfcdn.com/im/06429274/resize-h540-w812%5Ecompr-r85/3894/38942168/Scandinavian+Kitchen+Design.jpg
166,Scandinavian Kitchen Design14,Kitchen,https://secure.img1-fg.wfcdn.com/im/65437280/resize-h540-w812%5Ecompr-r85/3945/39452013/Scandinavian+Kitchen+Design.jpg
167,Modern Farmhouse Kitchen Design29,Kitchen,https://secure.img1-fg.wfcdn.com/im/08331653/resize-h540-w812%5Ecompr-r85/4036/40364667/Modern+Farmhouse+Kitchen+Design.jpg
168,Modern Farmhouse Kitchen Design30,Kitchen,https://secure.img1-fg.wfcdn.com/im/16142745/resize-h540-w812%5Ecompr-r85/4051/40519450/Modern+Farmhouse+Kitchen+Design.jpg
169,Traditional Kitchen Design20,Kitchen,https://secure.img1-fg.wfcdn.com/im/88766515/resize-h540-w812%5Ecompr-r85/4154/41543991/Traditional+Kitchen+Design.jpg
170,Modern Rustic Kitchen Design7,Kitchen,https://secure.img1-fg.wfcdn.com/im/16966258/resize-h1002-w812%5Ecompr-r85/6708/67089124/Modern+Rustic+Kitchen+Design.jpg
171,Mid-Century  Kitchen Design6,Kitchen,https://secure.img1-fg.wfcdn.com/im/32213908/resize-h540-w812%5Ecompr-r85/6942/69427081/Mid-Century++Kitchen+Design.jpg
172,Modern Kitchen Design42,Kitchen,https://secure.img1-fg.wfcdn.com/im/83012722/resize-h868-w812%5Ecompr-r85/4383/43834925/Modern+Kitchen+Design.jpg
173,Modern Kitchen Design43,Kitchen,https://secure.img1-fg.wfcdn.com/im/55651631/resize-h522-w812%5Ecompr-r85/4383/43834842/Modern+Kitchen+Design.jpg
174,Modern Farmhouse Kitchen Design31,Kitchen,https://secure.img1-fg.wfcdn.com/im/05310491/resize-h812-w812%5Ecompr-r85/3844/38441918/Modern+Farmhouse+Kitchen+Design.jpg
175,Modern Farmhouse Kitchen Design32,Kitchen,https://secure.img1-fg.wfcdn.com/im/82909873/resize-h540-w812%5Ecompr-r85/3843/38436091/Modern+Farmhouse+Kitchen+Design.jpg
176,Traditional Kitchen Design21,Kitchen,https://secure.img1-fg.wfcdn.com/im/43775694/resize-h1014-w812%5Ecompr-r85/3844/38443178/Traditional+Kitchen+Design.jpg
177,Modern Farmhouse Kitchen Design33,Kitchen,https://secure.img1-fg.wfcdn.com/im/05172517/resize-h540-w812%5Ecompr-r85/3844/38445903/Modern+Farmhouse+Kitchen+Design.jpg
178,Modern Kitchen Design44,Kitchen,https://secure.img1-fg.wfcdn.com/im/72616824/resize-h1014-w812%5Ecompr-r85/6286/62866170/Modern+Kitchen+Design.jpg
179,Industrial Kitchen Design9,Kitchen,https://secure.img1-fg.wfcdn.com/im/96630761/resize-h812-w812%5Ecompr-r85/6273/62733919/Industrial+Kitchen+Design.jpg
0,Modern Kitchen Design45,Kitchen,https://secure.img1-fg.wfcdn.com/im/14235261/resize-h1218-w812%5Ecompr-r85/4217/42175275/Modern+Kitchen+Design.jpg
1,Modern Kitchen Design46,Kitchen,https://secure.img1-fg.wfcdn.com/im/64492453/resize-h420-w812%5Ecompr-r85/4207/42072231/Modern+Kitchen+Design.jpg
2,Modern Farmhouse Kitchen Design34,Kitchen,https://secure.img1-fg.wfcdn.com/im/27321283/resize-h1218-w812%5Ecompr-r85/4217/42175297/Modern+Farmhouse+Kitchen+Design.jpg
3,Modern Kitchen Design47,Kitchen,https://secure.img1-fg.wfcdn.com/im/64492453/resize-h420-w812%5Ecompr-r85/4207/42072231/Modern+Kitchen+Design.jpg
4,Modern Kitchen Design48,Kitchen,https://secure.img1-fg.wfcdn.com/im/83012722/resize-h868-w812%5Ecompr-r85/4383/43834925/Modern+Kitchen+Design.jpg
5,Traditional Kitchen Design22,Kitchen,https://secure.img1-fg.wfcdn.com/im/26963389/resize-h540-w812%5Ecompr-r85/4589/45891344/Traditional+Kitchen+Design.jpg
6,Modern Farmhouse Kitchen Design35,Kitchen,https://secure.img1-fg.wfcdn.com/im/23796447/resize-h1014-w812%5Ecompr-r85/7187/71870051/Modern+Farmhouse+Kitchen+Design.jpg
7,Modern Kitchen Design49,Kitchen,https://secure.img1-fg.wfcdn.com/im/39570545/resize-h1014-w812%5Ecompr-r85/7345/73454903/Modern+Kitchen+Design.jpg
8,Traditional Kitchen Design23,Kitchen,https://secure.img1-fg.wfcdn.com/im/96668146/resize-h1216-w812%5Ecompr-r85/1377/13772507/Traditional+Kitchen+Design.jpg
9,Modern Rustic Kitchen Design8,Kitchen,https://secure.img1-fg.wfcdn.com/im/19753523/resize-h920-w812%5Ecompr-r85/7646/76468991/Modern+Rustic+Kitchen+Design.jpg
10,Traditional Kitchen Design24,Kitchen,https://secure.img1-fg.wfcdn.com/im/63914167/resize-h1218-w812%5Ecompr-r85/1377/13772511/Traditional+Kitchen+Design.jpg
11,Mid-Century  Kitchen Design7,Kitchen,https://secure.img1-fg.wfcdn.com/im/52729801/resize-h1116-w812%5Ecompr-r85/1454/14547755/Mid-Century++Kitchen+Design.jpg
12,Modern Kitchen Design50,Kitchen,https://secure.img1-fg.wfcdn.com/im/42012545/resize-h538-w812%5Ecompr-r85/1400/14000707/Modern+Kitchen+Design.jpg
13,Modern Kitchen Design51,Kitchen,https://secure.img1-fg.wfcdn.com/im/75348954/resize-h590-w812%5Ecompr-r85/1519/15192383/Modern+Kitchen+Design.jpg
14,Modern Kitchen Design52,Kitchen,https://secure.img1-fg.wfcdn.com/im/83078817/resize-h540-w812%5Ecompr-r85/1522/15221049/Modern+Kitchen+Design.jpg
15,Traditional Kitchen Design25,Kitchen,https://secure.img1-fg.wfcdn.com/im/11390120/resize-h540-w812%5Ecompr-r85/1528/15284515/Traditional+Kitchen+Design.jpg
16,Minimalist Kitchen Design12,Kitchen,https://secure.img1-fg.wfcdn.com/im/01994469/resize-h580-w812%5Ecompr-r85/2763/27634703/Minimalist+Kitchen+Design.jpg
17,Mid-Century  Kitchen Design8,Kitchen,https://secure.img1-fg.wfcdn.com/im/40450409/resize-h540-w812%5Ecompr-r85/2660/26609182/Mid-Century++Kitchen+Design.jpg
18,Modern Farmhouse Kitchen Design36,Kitchen,https://secure.img1-fg.wfcdn.com/im/86844802/resize-h1218-w812%5Ecompr-r85/3159/31595562/Modern+Farmhouse+Kitchen+Design.jpg
19,Scandinavian Kitchen Design15,Kitchen,https://secure.img1-fg.wfcdn.com/im/39970/resize-h542-w812%5Ecompr-r85/3324/33241666/Scandinavian+Kitchen+Design.jpg
20,Modern Kitchen Design53,Kitchen,https://secure.img1-fg.wfcdn.com/im/63454935/resize-h626-w812%5Ecompr-r85/3460/34608897/Modern+Kitchen+Design.jpg
21,Modern Kitchen Design54,Kitchen,https://secure.img1-fg.wfcdn.com/im/62313715/resize-h546-w812%5Ecompr-r85/3437/34378432/Modern+Kitchen+Design.jpg
22,Modern Kitchen Design55,Kitchen,https://secure.img1-fg.wfcdn.com/im/28586573/resize-h1218-w812%5Ecompr-r85/3570/35709085/Modern+Kitchen+Design.jpg
23,American Traditional Kitchen Design6,Kitchen,https://secure.img1-fg.wfcdn.com/im/66705638/resize-h574-w812%5Ecompr-r85/3571/35716507/American+Traditional+Kitchen+Design.jpg
24,American Traditional Kitchen Design7,Kitchen,https://secure.img1-fg.wfcdn.com/im/81476921/resize-h1218-w812%5Ecompr-r85/3578/35784477/American+Traditional+Kitchen+Design.jpg
25,Scandinavian Kitchen Design16,Kitchen,https://secure.img1-fg.wfcdn.com/im/99284742/resize-h540-w812%5Ecompr-r85/3578/35789326/Scandinavian+Kitchen+Design.jpg
26,Modern Kitchen Design56,Kitchen,https://secure.img1-fg.wfcdn.com/im/42938183/resize-h1220-w812%5Ecompr-r85/3582/35823892/Modern+Kitchen+Design.jpg
27,Modern Kitchen Design57,Kitchen,https://secure.img1-fg.wfcdn.com/im/21939733/resize-h540-w812%5Ecompr-r85/3582/35823861/Modern+Kitchen+Design.jpg
28,Bohemian Kitchen Design17,Kitchen,https://secure.img1-fg.wfcdn.com/im/91093259/resize-h1218-w812%5Ecompr-r85/3656/36563842/Bohemian+Kitchen+Design.jpg
29,Modern Farmhouse Kitchen Design37,Kitchen,https://secure.img1-fg.wfcdn.com/im/72399604/resize-h1114-w812%5Ecompr-r85/3617/36172598/Modern+Farmhouse+Kitchen+Design.jpg
30,Glam Kitchen Design2,Kitchen,https://secure.img1-fg.wfcdn.com/im/28906737/resize-h812-w812%5Ecompr-r85/5731/57318888/Glam+Kitchen+Design.jpg
31,Modern Kitchen Design58,Kitchen,https://secure.img1-fg.wfcdn.com/im/55477294/resize-h546-w812%5Ecompr-r85/5787/57879498/Modern+Kitchen+Design.jpg
32,Modern Farmhouse Kitchen Design38,Kitchen,https://secure.img1-fg.wfcdn.com/im/77515514/resize-h1218-w812%5Ecompr-r85/3656/36563881/Modern+Farmhouse+Kitchen+Design.jpg
33,American Traditional Kitchen Design8,Kitchen,https://secure.img1-fg.wfcdn.com/im/27100212/resize-h1216-w812%5Ecompr-r85/3945/39452023/American+Traditional+Kitchen+Design.jpg
34,Modern Farmhouse Kitchen Design39,Kitchen,https://secure.img1-fg.wfcdn.com/im/27321283/resize-h1218-w812%5Ecompr-r85/4217/42175297/Modern+Farmhouse+Kitchen+Design.jpg
35,Modern Kitchen Design59,Kitchen,https://secure.img1-fg.wfcdn.com/im/38009099/resize-h1266-w812%5Ecompr-r85/4217/42175573/Modern+Kitchen+Design.jpg
36,Modern Farmhouse Kitchen Design40,Kitchen,https://secure.img1-fg.wfcdn.com/im/38672196/resize-h1218-w812%5Ecompr-r85/4217/42175298/Modern+Farmhouse+Kitchen+Design.jpg
37,Modern Kitchen Design60,Kitchen,https://secure.img1-fg.wfcdn.com/im/14345792/resize-h550-w812%5Ecompr-r85/4528/45288876/Modern+Kitchen+Design.jpg
38,Modern Kitchen Design61,Kitchen,https://secure.img1-fg.wfcdn.com/im/55651631/resize-h522-w812%5Ecompr-r85/4383/43834842/Modern+Kitchen+Design.jpg
39,Modern Farmhouse Kitchen Design41,Kitchen,https://secure.img1-fg.wfcdn.com/im/73623284/resize-h1014-w812%5Ecompr-r85/7345/73454900/Modern+Farmhouse+Kitchen+Design.jpg
40,Glam Kitchen Design3,Kitchen,https://secure.img1-fg.wfcdn.com/im/26198924/resize-h558-w812%5Ecompr-r85/7358/73583325/Glam+Kitchen+Design.jpg
41,Modern Kitchen Design62,Kitchen,https://secure.img1-fg.wfcdn.com/im/90280915/resize-h1014-w812%5Ecompr-r85/7936/79365427/Modern+Kitchen+Design.jpg
42,Modern Kitchen Design63,Kitchen,https://secure.img1-fg.wfcdn.com/im/95528338/resize-h812-w812%5Ecompr-r85/8224/82244665/Modern+Kitchen+Design.jpg
43,Modern Kitchen Design64,Kitchen,https://secure.img1-fg.wfcdn.com/im/65224198/resize-h558-w812%5Ecompr-r85/1377/13772514/Modern+Kitchen+Design.jpg
44,Traditional Kitchen Design26,Kitchen,https://secure.img1-fg.wfcdn.com/im/02270595/resize-h540-w812%5Ecompr-r85/1377/13772510/Traditional+Kitchen+Design.jpg
45,Traditional Kitchen Design27,Kitchen,https://secure.img1-fg.wfcdn.com/im/20431231/resize-h540-w812%5Ecompr-r85/1377/13772512/Traditional+Kitchen+Design.jpg
46,Mid-Century  Kitchen Design9,Kitchen,https://secure.img1-fg.wfcdn.com/im/33078054/resize-h554-w812%5Ecompr-r85/1503/15039963/Mid-Century++Kitchen+Design.jpg
47,Modern Kitchen Design65,Kitchen,https://secure.img1-fg.wfcdn.com/im/76273349/resize-h540-w812%5Ecompr-r85/1466/14663134/Modern+Kitchen+Design.jpg
48,Industrial Kitchen Design10,Kitchen,https://secure.img1-fg.wfcdn.com/im/75717557/resize-h1218-w812%5Ecompr-r85/1713/17134706/Industrial+Kitchen+Design.jpg
49,Bohemian Kitchen Design18,Kitchen,https://secure.img1-fg.wfcdn.com/im/59553625/resize-h1218-w812%5Ecompr-r85/2871/28715129/Bohemian+Kitchen+Design.jpg
50,Modern Rustic Kitchen Design9,Kitchen,https://secure.img1-fg.wfcdn.com/im/27374582/resize-h540-w812%5Ecompr-r85/2961/29619686/Modern+Rustic+Kitchen+Design.jpg
51,Traditional Kitchen Design28,Kitchen,https://secure.img1-fg.wfcdn.com/im/83837832/resize-h1216-w812%5Ecompr-r85/3324/33241694/Traditional+Kitchen+Design.jpg
52,Mid-Century  Kitchen Design10,Kitchen,https://secure.img1-fg.wfcdn.com/im/90216364/resize-h534-w812%5Ecompr-r85/3071/30712014/Mid-Century++Kitchen+Design.jpg
53,Minimalist Kitchen Design13,Kitchen,https://secure.img1-fg.wfcdn.com/im/26232961/resize-h582-w812%5Ecompr-r85/3437/34378438/Minimalist+Kitchen+Design.jpg
54,Bohemian Kitchen Design19,Kitchen,https://secure.img1-fg.wfcdn.com/im/79922328/resize-h540-w812%5Ecompr-r85/3498/34982067/Bohemian+Kitchen+Design.jpg
55,Modern Kitchen Design66,Kitchen,https://secure.img1-fg.wfcdn.com/im/20817022/resize-h1144-w812%5Ecompr-r85/3570/35709110/Modern+Kitchen+Design.jpg
56,Mid-Century  Kitchen Design11,Kitchen,https://secure.img1-fg.wfcdn.com/im/72092004/resize-h1014-w812%5Ecompr-r85/3517/35171946/Mid-Century++Kitchen+Design.jpg
57,Modern Farmhouse Kitchen Design42,Kitchen,https://secure.img1-fg.wfcdn.com/im/24302434/resize-h1208-w812%5Ecompr-r85/3582/35822533/Modern+Farmhouse+Kitchen+Design.jpg
58,Scandinavian Kitchen Design17,Kitchen,https://secure.img1-fg.wfcdn.com/im/23573526/resize-h540-w812%5Ecompr-r85/3578/35789333/Scandinavian+Kitchen+Design.jpg
59,Modern Kitchen Design67,Kitchen,https://secure.img1-fg.wfcdn.com/im/72230481/resize-h1220-w812%5Ecompr-r85/3610/36103575/Modern+Kitchen+Design.jpg
60,Minimalist Kitchen Design14,Kitchen,https://secure.img1-fg.wfcdn.com/im/78164780/resize-h538-w812%5Ecompr-r85/3610/36100783/Minimalist+Kitchen+Design.jpg
61,Modern Rustic Kitchen Design10,Kitchen,https://secure.img1-fg.wfcdn.com/im/96747635/resize-h1136-w812%5Ecompr-r85/3614/36147902/Modern+Rustic+Kitchen+Design.jpg
62,Modern Rustic Kitchen Design11,Kitchen,https://secure.img1-fg.wfcdn.com/im/94136933/resize-h540-w812%5Ecompr-r85/3656/36563858/Modern+Rustic+Kitchen+Design.jpg
63,Modern Kitchen Design68,Kitchen,https://secure.img1-fg.wfcdn.com/im/05352082/resize-h1090-w812%5Ecompr-r85/5787/57879499/Modern+Kitchen+Design.jpg
64,Modern Rustic Kitchen Design12,Kitchen,https://secure.img1-fg.wfcdn.com/im/01640738/resize-h540-w812%5Ecompr-r85/3656/36563877/Modern+Rustic+Kitchen+Design.jpg
65,Modern Farmhouse Kitchen Design43,Kitchen,https://secure.img1-fg.wfcdn.com/im/35722690/resize-h1218-w812%5Ecompr-r85/3984/39846042/Modern+Farmhouse+Kitchen+Design.jpg
66,Modern Rustic Kitchen Design13,Kitchen,https://secure.img1-fg.wfcdn.com/im/01640738/resize-h540-w812%5Ecompr-r85/3656/36563877/Modern+Rustic+Kitchen+Design.jpg
67,Modern Kitchen Design69,Kitchen,https://secure.img1-fg.wfcdn.com/im/54558986/resize-h812-w812%5Ecompr-r85/7355/73556036/Modern+Kitchen+Design.jpg
68,Traditional Kitchen Design29,Kitchen,https://secure.img1-fg.wfcdn.com/im/88766515/resize-h540-w812%5Ecompr-r85/4154/41543991/Traditional+Kitchen+Design.jpg
69,Modern Rustic Kitchen Design14,Kitchen,https://secure.img1-fg.wfcdn.com/im/29462630/resize-h540-w812%5Ecompr-r85/4201/42010387/Modern+Rustic+Kitchen+Design.jpg
70,Modern Kitchen Design70,Kitchen,https://secure.img1-fg.wfcdn.com/im/74092160/resize-h540-w812%5Ecompr-r85/4201/42010415/Modern+Kitchen+Design.jpg
71,Modern Kitchen Design71,Kitchen,https://secure.img1-fg.wfcdn.com/im/14235261/resize-h1218-w812%5Ecompr-r85/4217/42175275/Modern+Kitchen+Design.jpg
72,Bohemian Kitchen Design20,Kitchen,https://secure.img1-fg.wfcdn.com/im/40856375/resize-h1218-w812%5Ecompr-r85/4217/42175578/Bohemian+Kitchen+Design.jpg
73,Modern Kitchen Design72,Kitchen,https://secure.img1-fg.wfcdn.com/im/83394801/resize-h542-w812%5Ecompr-r85/4383/43834851/Modern+Kitchen+Design.jpg
74,Modern Kitchen Design73,Kitchen,https://secure.img1-fg.wfcdn.com/im/16266986/resize-h522-w812%5Ecompr-r85/4383/43834890/Modern+Kitchen+Design.jpg
75,Modern Rustic Kitchen Design15,Kitchen,https://secure.img1-fg.wfcdn.com/im/40810676/resize-h1014-w812%5Ecompr-r85/7345/73454889/Modern+Rustic+Kitchen+Design.jpg
76,Modern Kitchen Design74,Kitchen,https://secure.img1-fg.wfcdn.com/im/01869588/resize-h902-w812%5Ecompr-r85/7646/76468983/Modern+Kitchen+Design.jpg
77,Modern Kitchen Design75,Kitchen,https://secure.img1-fg.wfcdn.com/im/06918651/resize-h1208-w812%5Ecompr-r85/8463/8463821/Modern+Kitchen+Design.jpg
78,Traditional Kitchen Design30,Kitchen,https://secure.img1-fg.wfcdn.com/im/86260966/resize-h568-w812%5Ecompr-r85/8170/8170687/Traditional+Kitchen+Design.jpg
79,Traditional Kitchen Design31,Kitchen,https://secure.img1-fg.wfcdn.com/im/30017870/resize-h1218-w812%5Ecompr-r85/1377/13772509/Traditional+Kitchen+Design.jpg
80,Traditional Kitchen Design32,Kitchen,https://secure.img1-fg.wfcdn.com/im/47359623/resize-h538-w812%5Ecompr-r85/1377/13772515/Traditional+Kitchen+Design.jpg
81,Modern Kitchen Design76,Kitchen,https://secure.img1-fg.wfcdn.com/im/50451387/resize-h542-w812%5Ecompr-r85/1466/14663114/Modern+Kitchen+Design.jpg
82,Modern Kitchen Design77,Kitchen,https://secure.img1-fg.wfcdn.com/im/83777154/resize-h540-w812%5Ecompr-r85/1466/14663115/Modern+Kitchen+Design.jpg
83,Modern Kitchen Design78,Kitchen,https://secure.img1-fg.wfcdn.com/im/73493826/resize-h1218-w812%5Ecompr-r85/1670/16703740/Modern+Kitchen+Design.jpg
84,American Traditional Kitchen Design9,Kitchen,https://secure.img1-fg.wfcdn.com/im/50433385/resize-h536-w812%5Ecompr-r85/1523/15231067/American+Traditional+Kitchen+Design.jpg
85,Industrial Kitchen Design11,Kitchen,https://secure.img1-fg.wfcdn.com/im/37517571/resize-h540-w812%5Ecompr-r85/1713/17134710/Industrial+Kitchen+Design.jpg
86,Bohemian Kitchen Design21,Kitchen,https://secure.img1-fg.wfcdn.com/im/47508137/resize-h540-w812%5Ecompr-r85/2383/23830640/Bohemian+Kitchen+Design.jpg
87,Modern Farmhouse Kitchen Design44,Kitchen,https://secure.img1-fg.wfcdn.com/im/01960727/resize-h1218-w812%5Ecompr-r85/3159/31595558/Modern+Farmhouse+Kitchen+Design.jpg
88,Modern Kitchen Design79,Kitchen,https://secure.img1-fg.wfcdn.com/im/65085848/resize-h610-w812%5Ecompr-r85/3437/34378215/Modern+Kitchen+Design.jpg
89,Mid-Century  Kitchen Design12,Kitchen,https://secure.img1-fg.wfcdn.com/im/88653457/resize-h608-w812%5Ecompr-r85/3498/34982139/Mid-Century++Kitchen+Design.jpg
90,Minimalist Kitchen Design15,Kitchen,https://secure.img1-fg.wfcdn.com/im/01852656/resize-h542-w812%5Ecompr-r85/3514/35149041/Minimalist+Kitchen+Design.jpg
91,Modern Kitchen Design80,Kitchen,https://secure.img1-fg.wfcdn.com/im/46486547/resize-h1216-w812%5Ecompr-r85/3569/35696707/Modern+Kitchen+Design.jpg
92,Mid-Century  Kitchen Design13,Kitchen,https://secure.img1-fg.wfcdn.com/im/73424957/resize-h542-w812%5Ecompr-r85/3517/35175542/Mid-Century++Kitchen+Design.jpg
93,Modern Kitchen Design81,Kitchen,https://secure.img1-fg.wfcdn.com/im/48107374/resize-h1220-w812%5Ecompr-r85/3582/35822535/Modern+Kitchen+Design.jpg
94,Modern Farmhouse Kitchen Design45,Kitchen,https://secure.img1-fg.wfcdn.com/im/47324050/resize-h540-w812%5Ecompr-r85/3578/35787195/Modern+Farmhouse+Kitchen+Design.jpg
95,American Traditional Kitchen Design10,Kitchen,https://secure.img1-fg.wfcdn.com/im/06059688/resize-h1368-w812%5Ecompr-r85/3582/35822545/American+Traditional+Kitchen+Design.jpg
96,American Traditional Kitchen Design11,Kitchen,https://secure.img1-fg.wfcdn.com/im/11661319/resize-h540-w812%5Ecompr-r85/3609/36094204/American+Traditional+Kitchen+Design.jpg
97,Modern Farmhouse Kitchen Design46,Kitchen,https://secure.img1-fg.wfcdn.com/im/05562928/resize-h1218-w812%5Ecompr-r85/3656/36563869/Modern+Farmhouse+Kitchen+Design.jpg
98,Modern Kitchen Design82,Kitchen,https://secure.img1-fg.wfcdn.com/im/87768677/resize-h540-w812%5Ecompr-r85/3614/36147872/Modern+Kitchen+Design.jpg
99,Modern Farmhouse Kitchen Design47,Kitchen,https://secure.img1-fg.wfcdn.com/im/77515514/resize-h1218-w812%5Ecompr-r85/3656/36563881/Modern+Farmhouse+Kitchen+Design.jpg
100,Modern Farmhouse Kitchen Design48,Kitchen,https://secure.img1-fg.wfcdn.com/im/17978802/resize-h572-w812%5Ecompr-r85/5787/57879495/Modern+Farmhouse+Kitchen+Design.jpg
101,Modern Farmhouse Kitchen Design49,Kitchen,https://secure.img1-fg.wfcdn.com/im/05562928/resize-h1218-w812%5Ecompr-r85/3656/36563869/Modern+Farmhouse+Kitchen+Design.jpg
102,Modern Rustic Kitchen Design16,Kitchen,https://secure.img1-fg.wfcdn.com/im/18437151/resize-h1218-w812%5Ecompr-r85/4154/41543983/Modern+Rustic+Kitchen+Design.jpg
