0,Modern Bathroom Design,Bathroom,https://secure.img1-fg.wfcdn.com/im/30654499/resize-h1014-w812%5Ecompr-r85/8515/85158033/Modern+Bathroom+Design.jpg
1,Modern Bathroom Design1,Bathroom,https://secure.img1-fg.wfcdn.com/im/33520878/resize-h930-w812%5Ecompr-r85/8515/85158023/Modern+Bathroom+Design.jpg
2,Traditional Bathroom Design,Bathroom,https://secure.img1-fg.wfcdn.com/im/48512127/resize-h1218-w812%5Ecompr-r85/8170/8170151/Traditional+Bathroom+Design.jpg
3,Traditional Bathroom Design1,Bathroom,https://secure.img1-fg.wfcdn.com/im/63271759/resize-h540-w812%5Ecompr-r85/8170/8170156/Traditional+Bathroom+Design.jpg
4,Modern Bathroom Design2,Bathroom,https://secure.img1-fg.wfcdn.com/im/78491515/resize-h1224-w812%5Ecompr-r85/8170/8170161/Modern+Bathroom+Design.jpg
5,Modern Bathroom Design3,Bathroom,https://secure.img1-fg.wfcdn.com/im/44431330/resize-h540-w812%5Ecompr-r85/8731/8731482/Modern+Bathroom+Design.jpg
6,Traditional Bathroom Design2,Bathroom,https://secure.img1-fg.wfcdn.com/im/89632461/resize-h1218-w812%5Ecompr-r85/1377/13772438/Traditional+Bathroom+Design.jpg
7,Traditional Bathroom Design3,Bathroom,https://secure.img1-fg.wfcdn.com/im/31477778/resize-h1212-w812%5Ecompr-r85/1377/13772437/Traditional+Bathroom+Design.jpg
8,Traditional Bathroom Design4,Bathroom,https://secure.img1-fg.wfcdn.com/im/45283644/resize-h1216-w812%5Ecompr-r85/1466/14663130/Traditional+Bathroom+Design.jpg
9,Mid-Century  Bathroom Design,Bathroom,https://secure.img1-fg.wfcdn.com/im/72250276/resize-h536-w812%5Ecompr-r85/1504/15042859/Mid-Century++Bathroom+Design.jpg
10,Traditional Bathroom Design5,Bathroom,https://secure.img1-fg.wfcdn.com/im/48284256/resize-h646-w812%5Ecompr-r85/1528/15284668/Traditional+Bathroom+Design.jpg
11,American Traditional Bathroom Design,Bathroom,https://secure.img1-fg.wfcdn.com/im/09319847/resize-h540-w812%5Ecompr-r85/1513/15138860/American+Traditional+Bathroom+Design.jpg
12,Traditional Bathroom Design6,Bathroom,https://secure.img1-fg.wfcdn.com/im/97800796/resize-h1218-w812%5Ecompr-r85/2383/23830642/Traditional+Bathroom+Design.jpg
13,Modern Bathroom Design4,Bathroom,https://secure.img1-fg.wfcdn.com/im/71570310/resize-h540-w812%5Ecompr-r85/1713/17134713/Modern+Bathroom+Design.jpg
14,Scandinavian Bathroom Design,Bathroom,https://secure.img1-fg.wfcdn.com/im/07767562/resize-h1218-w812%5Ecompr-r85/2385/23853429/Scandinavian+Bathroom+Design.jpg
15,Scandinavian Bathroom Design1,Bathroom,https://secure.img1-fg.wfcdn.com/im/13592226/resize-h1218-w812%5Ecompr-r85/2385/23853450/Scandinavian+Bathroom+Design.jpg
16,Modern Farmhouse Bathroom Design,Bathroom,https://secure.img1-fg.wfcdn.com/im/89739042/resize-h1218-w812%5Ecompr-r85/2501/25012381/Modern+Farmhouse+Bathroom+Design.jpg
17,Modern Farmhouse Bathroom Design1,Bathroom,https://secure.img1-fg.wfcdn.com/im/87425230/resize-h544-w812%5Ecompr-r85/2660/26609136/Modern+Farmhouse+Bathroom+Design.jpg
18,Modern Bathroom Design5,Bathroom,https://secure.img1-fg.wfcdn.com/im/24641326/resize-h1218-w812%5Ecompr-r85/2840/28403418/Modern+Bathroom+Design.jpg
19,Bohemian Bathroom Design,Bathroom,https://secure.img1-fg.wfcdn.com/im/64611490/resize-h1218-w812%5Ecompr-r85/3014/30148226/Bohemian+Bathroom+Design.jpg
20,Traditional Bathroom Design7,Bathroom,https://secure.img1-fg.wfcdn.com/im/16840562/resize-h1134-w812%5Ecompr-r85/3437/34377867/Traditional+Bathroom+Design.jpg
21,Traditional Bathroom Design8,Bathroom,https://secure.img1-fg.wfcdn.com/im/92381483/resize-h638-w812%5Ecompr-r85/3437/34377866/Traditional+Bathroom+Design.jpg
22,Traditional Bathroom Design9,Bathroom,https://secure.img1-fg.wfcdn.com/im/71904369/resize-h1058-w812%5Ecompr-r85/3437/34377911/Traditional+Bathroom+Design.jpg
23,Traditional Bathroom Design10,Bathroom,https://secure.img1-fg.wfcdn.com/im/78835082/resize-h620-w812%5Ecompr-r85/3437/34377871/Traditional+Bathroom+Design.jpg
24,Traditional Bathroom Design11,Bathroom,https://secure.img1-fg.wfcdn.com/im/40682625/resize-h646-w812%5Ecompr-r85/3437/34377939/Traditional+Bathroom+Design.jpg
25,Modern Bathroom Design6,Bathroom,https://secure.img1-fg.wfcdn.com/im/00700261/resize-h636-w812%5Ecompr-r85/3437/34377947/Modern+Bathroom+Design.jpg
26,Modern Farmhouse Bathroom Design2,Bathroom,https://secure.img1-fg.wfcdn.com/im/01364337/resize-h1222-w812%5Ecompr-r85/3570/35701923/Modern+Farmhouse+Bathroom+Design.jpg
27,Modern Bathroom Design7,Bathroom,https://secure.img1-fg.wfcdn.com/im/17757889/resize-h1014-w812%5Ecompr-r85/3572/35729102/Modern+Bathroom+Design.jpg
28,Bohemian Bathroom Design1,Bathroom,https://secure.img1-fg.wfcdn.com/im/45115480/resize-h1216-w812%5Ecompr-r85/3578/35784366/Bohemian+Bathroom+Design.jpg
29,Minimalist Bathroom Design,Bathroom,https://secure.img1-fg.wfcdn.com/im/42886237/resize-h1014-w812%5Ecompr-r85/3572/35729698/Minimalist+Bathroom+Design.jpg
30,Traditional Bathroom Design12,Bathroom,https://secure.img1-fg.wfcdn.com/im/28455084/resize-h1126-w812%5Ecompr-r85/3578/35784379/Traditional+Bathroom+Design.jpg
31,Industrial Bathroom Design,Bathroom,https://secure.img1-fg.wfcdn.com/im/51420483/resize-h1106-w812%5Ecompr-r85/3578/35787171/Industrial+Bathroom+Design.jpg
32,Modern Bathroom Design8,Bathroom,https://secure.img1-fg.wfcdn.com/im/62705889/resize-h1218-w812%5Ecompr-r85/3591/35916966/Modern+Bathroom+Design.jpg
33,Industrial Bathroom Design1,Bathroom,https://secure.img1-fg.wfcdn.com/im/55350705/resize-h540-w812%5Ecompr-r85/3591/35916895/Industrial+Bathroom+Design.jpg
34,Bohemian Bathroom Design2,Bathroom,https://secure.img1-fg.wfcdn.com/im/34781622/resize-h1222-w812%5Ecompr-r85/3592/35922853/Bohemian+Bathroom+Design.jpg
35,Minimalist Bathroom Design1,Bathroom,https://secure.img1-fg.wfcdn.com/im/50200080/resize-h558-w812%5Ecompr-r85/3595/35955544/Minimalist+Bathroom+Design.jpg
36,Bohemian Bathroom Design3,Bathroom,https://secure.img1-fg.wfcdn.com/im/28425280/resize-h1220-w812%5Ecompr-r85/3610/36100908/Bohemian+Bathroom+Design.jpg
37,Glam Bathroom Design,Bathroom,https://secure.img1-fg.wfcdn.com/im/13641247/resize-h1214-w812%5Ecompr-r85/3596/35960060/Glam+Bathroom+Design.jpg
38,Modern Bathroom Design9,Bathroom,https://secure.img1-fg.wfcdn.com/im/53679249/resize-h812-w812%5Ecompr-r85/3611/36113583/Modern+Bathroom+Design.jpg
39,Industrial Bathroom Design2,Bathroom,https://secure.img1-fg.wfcdn.com/im/92265364/resize-h538-w812%5Ecompr-r85/3610/36102370/Industrial+Bathroom+Design.jpg
40,Glam Bathroom Design1,Bathroom,https://secure.img1-fg.wfcdn.com/im/31252096/resize-h812-w812%5Ecompr-r85/3611/36113818/Glam+Bathroom+Design.jpg
41,Modern Bathroom Design10,Bathroom,https://secure.img1-fg.wfcdn.com/im/20233154/resize-h540-w812%5Ecompr-r85/3611/36113603/Modern+Bathroom+Design.jpg
42,Minimalist Bathroom Design2,Bathroom,https://secure.img1-fg.wfcdn.com/im/69142330/resize-h540-w812%5Ecompr-r85/3614/36147882/Minimalist+Bathroom+Design.jpg
43,Modern Farmhouse Bathroom Design3,Bathroom,https://secure.img1-fg.wfcdn.com/im/06781125/resize-h540-w812%5Ecompr-r85/3614/36148411/Modern+Farmhouse+Bathroom+Design.jpg
44,Modern Bathroom Design11,Bathroom,https://secure.img1-fg.wfcdn.com/im/50057702/resize-h540-w812%5Ecompr-r85/3614/36148708/Modern+Bathroom+Design.jpg
45,Bohemian Bathroom Design4,Bathroom,https://secure.img1-fg.wfcdn.com/im/85197084/resize-h540-w812%5Ecompr-r85/3614/36149138/Bohemian+Bathroom+Design.jpg
46,Traditional Bathroom Design13,Bathroom,https://secure.img1-fg.wfcdn.com/im/42734244/resize-h1216-w812%5Ecompr-r85/3843/38436077/Traditional+Bathroom+Design.jpg
47,Modern Farmhouse Bathroom Design4,Bathroom,https://secure.img1-fg.wfcdn.com/im/64877919/resize-h540-w812%5Ecompr-r85/3843/38434778/Modern+Farmhouse+Bathroom+Design.jpg
48,Minimalist Bathroom Design3,Bathroom,https://secure.img1-fg.wfcdn.com/im/43704470/resize-h812-w812%5Ecompr-r85/5742/57422821/Minimalist+Bathroom+Design.jpg
49,Scandinavian Bathroom Design2,Bathroom,https://secure.img1-fg.wfcdn.com/im/87992415/resize-h540-w812%5Ecompr-r85/5839/58395697/Scandinavian+Bathroom+Design.jpg
50,Modern Farmhouse Bathroom Design5,Bathroom,https://secure.img1-fg.wfcdn.com/im/92174116/resize-h1216-w812%5Ecompr-r85/4051/40519326/Modern+Farmhouse+Bathroom+Design.jpg
51,Traditional Bathroom Design14,Bathroom,https://secure.img1-fg.wfcdn.com/im/99856793/resize-h540-w812%5Ecompr-r85/4051/40519296/Traditional+Bathroom+Design.jpg
52,Bohemian Bathroom Design5,Bathroom,https://secure.img1-fg.wfcdn.com/im/74250563/resize-h1136-w812%5Ecompr-r85/4200/42009973/Bohemian+Bathroom+Design.jpg
53,Glam Bathroom Design2,Bathroom,https://secure.img1-fg.wfcdn.com/im/24580097/resize-h1046-w812%5Ecompr-r85/4172/41728864/Glam+Bathroom+Design.jpg
54,Modern Bathroom Design12,Bathroom,https://secure.img1-fg.wfcdn.com/im/31844095/resize-h1014-w812%5Ecompr-r85/6281/62811122/Modern+Bathroom+Design.jpg
55,Mid-Century  Bathroom Design1,Bathroom,https://secure.img1-fg.wfcdn.com/im/29564168/resize-h812-w812%5Ecompr-r85/6405/64051115/Mid-Century++Bathroom+Design.jpg
56,Mid-Century  Bathroom Design2,Bathroom,https://secure.img1-fg.wfcdn.com/im/01818156/resize-h812-w812%5Ecompr-r85/6526/65261100/Mid-Century++Bathroom+Design.jpg
57,Bohemian Bathroom Design6,Bathroom,https://secure.img1-fg.wfcdn.com/im/05349488/resize-h558-w812%5Ecompr-r85/6495/64955724/Bohemian+Bathroom+Design.jpg
58,Bohemian Bathroom Design7,Bathroom,https://secure.img1-fg.wfcdn.com/im/47062264/resize-h1014-w812%5Ecompr-r85/5731/57312352/Bohemian+Bathroom+Design.jpg
59,Modern Bathroom Design13,Bathroom,https://secure.img1-fg.wfcdn.com/im/68767504/resize-h594-w812%5Ecompr-r85/5787/57879570/Modern+Bathroom+Design.jpg
60,Modern Bathroom Design14,Bathroom,https://secure.img1-fg.wfcdn.com/im/38505157/resize-h1014-w812%5Ecompr-r85/8515/85158002/Modern+Bathroom+Design.jpg
61,Traditional Bathroom Design15,Bathroom,https://secure.img1-fg.wfcdn.com/im/14811534/resize-h812-w812%5Ecompr-r85/8515/85158019/Traditional+Bathroom+Design.jpg
62,Traditional Bathroom Design16,Bathroom,https://secure.img1-fg.wfcdn.com/im/69747324/resize-h1226-w812%5Ecompr-r85/8170/8170160/Traditional+Bathroom+Design.jpg
63,Modern Bathroom Design15,Bathroom,https://secure.img1-fg.wfcdn.com/im/92874587/resize-h812-w812%5Ecompr-r85/8220/82205177/Modern+Bathroom+Design.jpg
64,Traditional Bathroom Design17,Bathroom,https://secure.img1-fg.wfcdn.com/im/01751249/resize-h738-w812%5Ecompr-r85/1377/13772430/Traditional+Bathroom+Design.jpg
65,Traditional Bathroom Design18,Bathroom,https://secure.img1-fg.wfcdn.com/im/43402817/resize-h642-w812%5Ecompr-r85/1377/13772427/Traditional+Bathroom+Design.jpg
66,Traditional Bathroom Design19,Bathroom,https://secure.img1-fg.wfcdn.com/im/00983374/resize-h1218-w812%5Ecompr-r85/1377/13772439/Traditional+Bathroom+Design.jpg
67,Traditional Bathroom Design20,Bathroom,https://secure.img1-fg.wfcdn.com/im/84484766/resize-h540-w812%5Ecompr-r85/1466/14663126/Traditional+Bathroom+Design.jpg
68,Traditional Bathroom Design21,Bathroom,https://secure.img1-fg.wfcdn.com/im/00036434/resize-h1216-w812%5Ecompr-r85/1466/14663129/Traditional+Bathroom+Design.jpg
69,Traditional Bathroom Design22,Bathroom,https://secure.img1-fg.wfcdn.com/im/23353412/resize-h580-w812%5Ecompr-r85/1466/14663131/Traditional+Bathroom+Design.jpg
70,Traditional Bathroom Design23,Bathroom,https://secure.img1-fg.wfcdn.com/im/00377026/resize-h812-w812%5Ecompr-r85/1528/15284436/Traditional+Bathroom+Design.jpg
71,Traditional Bathroom Design24,Bathroom,https://secure.img1-fg.wfcdn.com/im/59735622/resize-h540-w812%5Ecompr-r85/1522/15225938/Traditional+Bathroom+Design.jpg
72,Modern Bathroom Design16,Bathroom,https://secure.img1-fg.wfcdn.com/im/87466241/resize-h812-w812%5Ecompr-r85/1603/16032635/Modern+Bathroom+Design.jpg
73,Modern Bathroom Design17,Bathroom,https://secure.img1-fg.wfcdn.com/im/59402377/resize-h732-w812%5Ecompr-r85/2259/22597732/Modern+Bathroom+Design.jpg
74,Ornate Traditional Bathroom Design,Bathroom,https://secure.img1-fg.wfcdn.com/im/75098970/resize-h1218-w812%5Ecompr-r85/2383/23830644/Ornate+Traditional+Bathroom+Design.jpg
75,Modern Bathroom Design18,Bathroom,https://secure.img1-fg.wfcdn.com/im/64341466/resize-h1218-w812%5Ecompr-r85/2385/23853436/Modern+Bathroom+Design.jpg
76,Scandinavian Bathroom Design3,Bathroom,https://secure.img1-fg.wfcdn.com/im/83386595/resize-h1218-w812%5Ecompr-r85/2385/23853471/Scandinavian+Bathroom+Design.jpg
77,Modern Bathroom Design19,Bathroom,https://secure.img1-fg.wfcdn.com/im/83708119/resize-h1218-w812%5Ecompr-r85/2840/28400344/Modern+Bathroom+Design.jpg
78,Bohemian Bathroom Design8,Bathroom,https://secure.img1-fg.wfcdn.com/im/85900320/resize-h1218-w812%5Ecompr-r85/2871/28715485/Bohemian+Bathroom+Design.jpg
79,Scandinavian Bathroom Design4,Bathroom,https://secure.img1-fg.wfcdn.com/im/26711643/resize-h1218-w812%5Ecompr-r85/3014/30148241/Scandinavian+Bathroom+Design.jpg
80,Traditional Bathroom Design25,Bathroom,https://secure.img1-fg.wfcdn.com/im/87336690/resize-h1120-w812%5Ecompr-r85/3437/34377864/Traditional+Bathroom+Design.jpg
81,Minimalist Bathroom Design4,Bathroom,https://secure.img1-fg.wfcdn.com/im/84532713/resize-h556-w812%5Ecompr-r85/3292/32926795/Minimalist+Bathroom+Design.jpg
82,Traditional Bathroom Design26,Bathroom,https://secure.img1-fg.wfcdn.com/im/83307350/resize-h964-w812%5Ecompr-r85/3437/34377874/Traditional+Bathroom+Design.jpg
83,Traditional Bathroom Design27,Bathroom,https://secure.img1-fg.wfcdn.com/im/87743001/resize-h580-w812%5Ecompr-r85/3437/34377914/Traditional+Bathroom+Design.jpg
84,Traditional Bathroom Design28,Bathroom,https://secure.img1-fg.wfcdn.com/im/67266395/resize-h640-w812%5Ecompr-r85/3437/34377940/Traditional+Bathroom+Design.jpg
85,Traditional Bathroom Design29,Bathroom,https://secure.img1-fg.wfcdn.com/im/22742044/resize-h626-w812%5Ecompr-r85/3437/34377949/Traditional+Bathroom+Design.jpg
86,Modern Bathroom Design20,Bathroom,https://secure.img1-fg.wfcdn.com/im/38084336/resize-h1218-w812%5Ecompr-r85/3572/35729190/Modern+Bathroom+Design.jpg
87,Modern Farmhouse Bathroom Design6,Bathroom,https://secure.img1-fg.wfcdn.com/im/91224423/resize-h538-w812%5Ecompr-r85/3570/35702097/Modern+Farmhouse+Bathroom+Design.jpg
88,Modern Farmhouse Bathroom Design7,Bathroom,https://secure.img1-fg.wfcdn.com/im/00620416/resize-h1218-w812%5Ecompr-r85/3578/35784371/Modern+Farmhouse+Bathroom+Design.jpg
89,Glam Bathroom Design3,Bathroom,https://secure.img1-fg.wfcdn.com/im/24471733/resize-h1124-w812%5Ecompr-r85/3578/35784365/Glam+Bathroom+Design.jpg
90,Traditional Bathroom Design30,Bathroom,https://secure.img1-fg.wfcdn.com/im/23322242/resize-h1218-w812%5Ecompr-r85/3578/35784373/Traditional+Bathroom+Design.jpg
91,Traditional Bathroom Design31,Bathroom,https://secure.img1-fg.wfcdn.com/im/59301030/resize-h1056-w812%5Ecompr-r85/3578/35784380/Traditional+Bathroom+Design.jpg
92,Modern Bathroom Design21,Bathroom,https://secure.img1-fg.wfcdn.com/im/84953479/resize-h1220-w812%5Ecompr-r85/3586/35863708/Modern+Bathroom+Design.jpg
93,Modern Farmhouse Bathroom Design8,Bathroom,https://secure.img1-fg.wfcdn.com/im/04862689/resize-h1216-w812%5Ecompr-r85/3578/35787175/Modern+Farmhouse+Bathroom+Design.jpg
94,Modern Farmhouse Bathroom Design9,Bathroom,https://secure.img1-fg.wfcdn.com/im/14853903/resize-h558-w812%5Ecompr-r85/3595/35955477/Modern+Farmhouse+Bathroom+Design.jpg
95,Modern Farmhouse Bathroom Design10,Bathroom,https://secure.img1-fg.wfcdn.com/im/10558035/resize-h558-w812%5Ecompr-r85/3595/35955536/Modern+Farmhouse+Bathroom+Design.jpg
96,Glam Bathroom Design4,Bathroom,https://secure.img1-fg.wfcdn.com/im/01034877/resize-h544-w812%5Ecompr-r85/3591/35919393/Glam+Bathroom+Design.jpg
97,Glam Bathroom Design5,Bathroom,https://secure.img1-fg.wfcdn.com/im/65834504/resize-h1216-w812%5Ecompr-r85/3596/35960058/Glam+Bathroom+Design.jpg
98,Modern Farmhouse Bathroom Design11,Bathroom,https://secure.img1-fg.wfcdn.com/im/16147341/resize-h558-w812%5Ecompr-r85/3595/35955547/Modern+Farmhouse+Bathroom+Design.jpg
99,Modern Bathroom Design22,Bathroom,https://secure.img1-fg.wfcdn.com/im/53679249/resize-h812-w812%5Ecompr-r85/3611/36113583/Modern+Bathroom+Design.jpg
100,Scandinavian Bathroom Design5,Bathroom,https://secure.img1-fg.wfcdn.com/im/11027881/resize-h812-w812%5Ecompr-r85/3611/36113600/Scandinavian+Bathroom+Design.jpg
101,Modern Bathroom Design23,Bathroom,https://secure.img1-fg.wfcdn.com/im/97531328/resize-h540-w812%5Ecompr-r85/3611/36113601/Modern+Bathroom+Design.jpg
102,Modern Bathroom Design24,Bathroom,https://secure.img1-fg.wfcdn.com/im/20233154/resize-h540-w812%5Ecompr-r85/3611/36113603/Modern+Bathroom+Design.jpg
103,Glam Bathroom Design6,Bathroom,https://secure.img1-fg.wfcdn.com/im/80336801/resize-h540-w812%5Ecompr-r85/3614/36147878/Glam+Bathroom+Design.jpg
104,Minimalist Bathroom Design5,Bathroom,https://secure.img1-fg.wfcdn.com/im/92588188/resize-h540-w812%5Ecompr-r85/3614/36148005/Minimalist+Bathroom+Design.jpg
105,Bohemian Bathroom Design9,Bathroom,https://secure.img1-fg.wfcdn.com/im/72831708/resize-h540-w812%5Ecompr-r85/3614/36148423/Bohemian+Bathroom+Design.jpg
106,Traditional Bathroom Design32,Bathroom,https://secure.img1-fg.wfcdn.com/im/27512318/resize-h540-w812%5Ecompr-r85/3614/36148711/Traditional+Bathroom+Design.jpg
107,Industrial Bathroom Design3,Bathroom,https://secure.img1-fg.wfcdn.com/im/05682400/resize-h540-w812%5Ecompr-r85/3614/36149417/Industrial+Bathroom+Design.jpg
108,Modern Bathroom Design25,Bathroom,https://secure.img1-fg.wfcdn.com/im/33145032/resize-h558-w812%5Ecompr-r85/3628/36287037/Modern+Bathroom+Design.jpg
109,Modern Bathroom Design26,Bathroom,https://secure.img1-fg.wfcdn.com/im/65702433/resize-h558-w812%5Ecompr-r85/3639/36391335/Modern+Bathroom+Design.jpg
110,Traditional Bathroom Design33,Bathroom,https://secure.img1-fg.wfcdn.com/im/24178944/resize-h1028-w812%5Ecompr-r85/5787/57879573/Traditional+Bathroom+Design.jpg
111,Scandinavian Bathroom Design6,Bathroom,https://secure.img1-fg.wfcdn.com/im/99343328/resize-h540-w812%5Ecompr-r85/5839/58395696/Scandinavian+Bathroom+Design.jpg
112,Coastal Bathroom Design,Bathroom,https://secure.img1-fg.wfcdn.com/im/55435735/resize-h1216-w812%5Ecompr-r85/4036/40364756/Coastal+Bathroom+Design.jpg
113,Glam Bathroom Design7,Bathroom,https://secure.img1-fg.wfcdn.com/im/42195759/resize-h544-w812%5Ecompr-r85/4172/41728824/Glam+Bathroom+Design.jpg
114,Minimalist Bathroom Design6,Bathroom,https://secure.img1-fg.wfcdn.com/im/37780160/resize-h1218-w812%5Ecompr-r85/4200/42009304/Minimalist+Bathroom+Design.jpg
115,Bohemian Bathroom Design10,Bathroom,https://secure.img1-fg.wfcdn.com/im/58766106/resize-h1014-w812%5Ecompr-r85/4200/42009975/Bohemian+Bathroom+Design.jpg
116,Modern Bathroom Design27,Bathroom,https://secure.img1-fg.wfcdn.com/im/72594276/resize-h1002-w812%5Ecompr-r85/6273/62732751/Modern+Bathroom+Design.jpg
117,Bohemian Bathroom Design11,Bathroom,https://secure.img1-fg.wfcdn.com/im/76156213/resize-h540-w812%5Ecompr-r85/6390/63900350/Bohemian+Bathroom+Design.jpg
118,Modern Bathroom Design28,Bathroom,https://secure.img1-fg.wfcdn.com/im/49671788/resize-h1014-w812%5Ecompr-r85/6820/68200882/Modern+Bathroom+Design.jpg
119,Bohemian Bathroom Design12,Bathroom,https://secure.img1-fg.wfcdn.com/im/20980596/resize-h558-w812%5Ecompr-r85/6495/64954903/Bohemian+Bathroom+Design.jpg
120,Modern Bathroom Design29,Bathroom,https://secure.img1-fg.wfcdn.com/im/44817705/resize-h1082-w812%5Ecompr-r85/5731/57312358/Modern+Bathroom+Design.jpg
121,Modern Bathroom Design30,Bathroom,https://secure.img1-fg.wfcdn.com/im/29932989/resize-h476-w812%5Ecompr-r85/5626/56268416/Modern+Bathroom+Design.jpg
122,Modern Bathroom Design31,Bathroom,https://secure.img1-fg.wfcdn.com/im/71925630/resize-h1014-w812%5Ecompr-r85/8397/83975752/Modern+Bathroom+Design.jpg
123,Modern Bathroom Design32,Bathroom,https://secure.img1-fg.wfcdn.com/im/75604648/resize-h722-w812%5Ecompr-r85/8470/84708844/Modern+Bathroom+Design.jpg
124,Traditional Bathroom Design34,Bathroom,https://secure.img1-fg.wfcdn.com/im/08418240/resize-h1238-w812%5Ecompr-r85/8170/8170152/Traditional+Bathroom+Design.jpg
125,Traditional Bathroom Design35,Bathroom,https://secure.img1-fg.wfcdn.com/im/11534751/resize-h1004-w812%5Ecompr-r85/8170/8170154/Traditional+Bathroom+Design.jpg
126,Traditional Bathroom Design36,Bathroom,https://secure.img1-fg.wfcdn.com/im/43726301/resize-h682-w812%5Ecompr-r85/1377/13772432/Traditional+Bathroom+Design.jpg
127,Modern Bathroom Design33,Bathroom,https://secure.img1-fg.wfcdn.com/im/04813540/resize-h558-w812%5Ecompr-r85/1359/13590400/Modern+Bathroom+Design.jpg
128,Traditional Bathroom Design37,Bathroom,https://secure.img1-fg.wfcdn.com/im/68774228/resize-h1220-w812%5Ecompr-r85/1377/13772436/Traditional+Bathroom+Design.jpg
129,Traditional Bathroom Design38,Bathroom,https://secure.img1-fg.wfcdn.com/im/55736164/resize-h1218-w812%5Ecompr-r85/1377/13772440/Traditional+Bathroom+Design.jpg
130,Modern Bathroom Design34,Bathroom,https://secure.img1-fg.wfcdn.com/im/25996045/resize-h1236-w812%5Ecompr-r85/1503/15039975/Modern+Bathroom+Design.jpg
131,Modern Bathroom Design35,Bathroom,https://secure.img1-fg.wfcdn.com/im/25193422/resize-h1216-w812%5Ecompr-r85/1506/15066877/Modern+Bathroom+Design.jpg
132,Traditional Bathroom Design39,Bathroom,https://secure.img1-fg.wfcdn.com/im/19708898/resize-h542-w812%5Ecompr-r85/1528/15284434/Traditional+Bathroom+Design.jpg
133,Traditional Bathroom Design40,Bathroom,https://secure.img1-fg.wfcdn.com/im/01211400/resize-h540-w812%5Ecompr-r85/1528/15284669/Traditional+Bathroom+Design.jpg
134,Modern Bathroom Design36,Bathroom,https://secure.img1-fg.wfcdn.com/im/54356423/resize-h812-w812%5Ecompr-r85/1738/17384221/Modern+Bathroom+Design.jpg
135,Modern Farmhouse Bathroom Design12,Bathroom,https://secure.img1-fg.wfcdn.com/im/73989784/resize-h540-w812%5Ecompr-r85/1713/17134704/Modern+Farmhouse+Bathroom+Design.jpg
136,Mid-Century  Bathroom Design3,Bathroom,https://secure.img1-fg.wfcdn.com/im/85312292/resize-h1218-w812%5Ecompr-r85/2383/23830686/Mid-Century++Bathroom+Design.jpg
137,Scandinavian Bathroom Design7,Bathroom,https://secure.img1-fg.wfcdn.com/im/81218628/resize-h1218-w812%5Ecompr-r85/2385/23853445/Scandinavian+Bathroom+Design.jpg
138,Modern Bathroom Design37,Bathroom,https://secure.img1-fg.wfcdn.com/im/93586150/resize-h1218-w812%5Ecompr-r85/2501/25012363/Modern+Bathroom+Design.jpg
139,Scandinavian Bathroom Design8,Bathroom,https://secure.img1-fg.wfcdn.com/im/53786164/resize-h1146-w812%5Ecompr-r85/2685/26854104/Scandinavian+Bathroom+Design.jpg
140,Bohemian Bathroom Design13,Bathroom,https://secure.img1-fg.wfcdn.com/im/53260577/resize-h1218-w812%5Ecompr-r85/3014/30148225/Bohemian+Bathroom+Design.jpg
141,Minimalist Bathroom Design7,Bathroom,https://secure.img1-fg.wfcdn.com/im/15677379/resize-h528-w812%5Ecompr-r85/3186/31863160/Minimalist+Bathroom+Design.jpg
142,Traditional Bathroom Design41,Bathroom,https://secure.img1-fg.wfcdn.com/im/27710029/resize-h1156-w812%5Ecompr-r85/3437/34377868/Traditional+Bathroom+Design.jpg
143,Traditional Bathroom Design42,Bathroom,https://secure.img1-fg.wfcdn.com/im/40490409/resize-h654-w812%5Ecompr-r85/3437/34377862/Traditional+Bathroom+Design.jpg
144,Traditional Bathroom Design43,Bathroom,https://secure.img1-fg.wfcdn.com/im/23648704/resize-h1070-w812%5Ecompr-r85/3437/34377938/Traditional+Bathroom+Design.jpg
145,Traditional Bathroom Design44,Bathroom,https://secure.img1-fg.wfcdn.com/im/75187070/resize-h650-w812%5Ecompr-r85/3437/34377913/Traditional+Bathroom+Design.jpg
146,Traditional Bathroom Design45,Bathroom,https://secure.img1-fg.wfcdn.com/im/05453875/resize-h1126-w812%5Ecompr-r85/3437/34377948/Traditional+Bathroom+Design.jpg
147,Traditional Bathroom Design46,Bathroom,https://secure.img1-fg.wfcdn.com/im/81303222/resize-h622-w812%5Ecompr-r85/3437/34377950/Traditional+Bathroom+Design.jpg
148,Traditional Bathroom Design47,Bathroom,https://secure.img1-fg.wfcdn.com/im/61930546/resize-h1046-w812%5Ecompr-r85/3437/34377962/Traditional+Bathroom+Design.jpg
149,Modern Farmhouse Bathroom Design13,Bathroom,https://secure.img1-fg.wfcdn.com/im/45424173/resize-h540-w812%5Ecompr-r85/3514/35149570/Modern+Farmhouse+Bathroom+Design.jpg
150,Minimalist Bathroom Design8,Bathroom,https://secure.img1-fg.wfcdn.com/im/83560168/resize-h1218-w812%5Ecompr-r85/3572/35729473/Minimalist+Bathroom+Design.jpg
151,Traditional Bathroom Design48,Bathroom,https://secure.img1-fg.wfcdn.com/im/33764567/resize-h1216-w812%5Ecompr-r85/3578/35784367/Traditional+Bathroom+Design.jpg
152,Traditional Bathroom Design49,Bathroom,https://secure.img1-fg.wfcdn.com/im/19318692/resize-h1218-w812%5Ecompr-r85/3578/35784386/Traditional+Bathroom+Design.jpg
153,Traditional Bathroom Design50,Bathroom,https://secure.img1-fg.wfcdn.com/im/01029490/resize-h1046-w812%5Ecompr-r85/3578/35784378/Traditional+Bathroom+Design.jpg
154,Modern Bathroom Design38,Bathroom,https://secure.img1-fg.wfcdn.com/im/61929954/resize-h1218-w812%5Ecompr-r85/3578/35789334/Modern+Bathroom+Design.jpg
155,Modern Farmhouse Bathroom Design14,Bathroom,https://secure.img1-fg.wfcdn.com/im/04769405/resize-h1118-w812%5Ecompr-r85/3578/35787172/Modern+Farmhouse+Bathroom+Design.jpg
156,Modern Bathroom Design39,Bathroom,https://secure.img1-fg.wfcdn.com/im/71522652/resize-h1216-w812%5Ecompr-r85/3591/35916967/Modern+Bathroom+Design.jpg
157,Modern Farmhouse Bathroom Design15,Bathroom,https://secure.img1-fg.wfcdn.com/im/10956690/resize-h1220-w812%5Ecompr-r85/3610/36101176/Modern+Farmhouse+Bathroom+Design.jpg
158,Modern Bathroom Design40,Bathroom,https://secure.img1-fg.wfcdn.com/im/50321318/resize-h650-w812%5Ecompr-r85/3595/35955569/Modern+Bathroom+Design.jpg
159,Industrial Bathroom Design4,Bathroom,https://secure.img1-fg.wfcdn.com/im/63231500/resize-h1220-w812%5Ecompr-r85/3611/36112545/Industrial+Bathroom+Design.jpg
160,Mid-Century  Bathroom Design4,Bathroom,https://secure.img1-fg.wfcdn.com/im/58369067/resize-h538-w812%5Ecompr-r85/3610/36102368/Mid-Century++Bathroom+Design.jpg
161,Scandinavian Bathroom Design9,Bathroom,https://secure.img1-fg.wfcdn.com/im/11027881/resize-h812-w812%5Ecompr-r85/3611/36113600/Scandinavian+Bathroom+Design.jpg
162,Modern Bathroom Design41,Bathroom,https://secure.img1-fg.wfcdn.com/im/97531328/resize-h540-w812%5Ecompr-r85/3611/36113601/Modern+Bathroom+Design.jpg
163,Glam Bathroom Design8,Bathroom,https://secure.img1-fg.wfcdn.com/im/81132414/resize-h540-w812%5Ecompr-r85/3614/36147787/Glam+Bathroom+Design.jpg
164,Modern Farmhouse Bathroom Design16,Bathroom,https://secure.img1-fg.wfcdn.com/im/91772227/resize-h540-w812%5Ecompr-r85/3614/36147885/Modern+Farmhouse+Bathroom+Design.jpg
165,American Traditional Bathroom Design1,Bathroom,https://secure.img1-fg.wfcdn.com/im/47462788/resize-h1218-w812%5Ecompr-r85/3614/36148651/American+Traditional+Bathroom+Design.jpg
166,Bohemian Bathroom Design14,Bathroom,https://secure.img1-fg.wfcdn.com/im/73094443/resize-h1218-w812%5Ecompr-r85/3756/37563830/Bohemian+Bathroom+Design.jpg
167,Modern Bathroom Design42,Bathroom,https://secure.img1-fg.wfcdn.com/im/77871891/resize-h558-w812%5Ecompr-r85/3644/36441186/Modern+Bathroom+Design.jpg
168,Modern Bathroom Design43,Bathroom,https://secure.img1-fg.wfcdn.com/im/90997849/resize-h704-w812%5Ecompr-r85/5787/57879572/Modern+Bathroom+Design.jpg
169,Modern Bathroom Design44,Bathroom,https://secure.img1-fg.wfcdn.com/im/68767504/resize-h594-w812%5Ecompr-r85/5787/57879570/Modern+Bathroom+Design.jpg
170,Modern Bathroom Design45,Bathroom,https://secure.img1-fg.wfcdn.com/im/53727484/resize-h1218-w812%5Ecompr-r85/4036/40364720/Modern+Bathroom+Design.jpg
171,Modern Bathroom Design46,Bathroom,https://secure.img1-fg.wfcdn.com/im/13232065/resize-h558-w812%5Ecompr-r85/3979/39792119/Modern+Bathroom+Design.jpg
172,Minimalist Bathroom Design9,Bathroom,https://secure.img1-fg.wfcdn.com/im/37780160/resize-h1218-w812%5Ecompr-r85/4200/42009304/Minimalist+Bathroom+Design.jpg
173,Glam Bathroom Design9,Bathroom,https://secure.img1-fg.wfcdn.com/im/71559512/resize-h938-w812%5Ecompr-r85/4172/41728826/Glam+Bathroom+Design.jpg
174,Modern Farmhouse Bathroom Design17,Bathroom,https://secure.img1-fg.wfcdn.com/im/41813048/resize-h1218-w812%5Ecompr-r85/6390/63900363/Modern+Farmhouse+Bathroom+Design.jpg
175,Modern Bathroom Design47,Bathroom,https://secure.img1-fg.wfcdn.com/im/58473346/resize-h538-w812%5Ecompr-r85/6286/62866181/Modern+Bathroom+Design.jpg
176,Mid-Century  Bathroom Design5,Bathroom,https://secure.img1-fg.wfcdn.com/im/81439380/resize-h812-w812%5Ecompr-r85/6439/64393596/Mid-Century++Bathroom+Design.jpg
177,Modern Bathroom Design48,Bathroom,https://secure.img1-fg.wfcdn.com/im/74191439/resize-h812-w812%5Ecompr-r85/6708/67089110/Modern+Bathroom+Design.jpg
178,Minimalist Bathroom Design10,Bathroom,https://secure.img1-fg.wfcdn.com/im/43704470/resize-h812-w812%5Ecompr-r85/5742/57422821/Minimalist+Bathroom+Design.jpg
179,Modern Bathroom Design49,Bathroom,https://secure.img1-fg.wfcdn.com/im/90997849/resize-h704-w812%5Ecompr-r85/5787/57879572/Modern+Bathroom+Design.jpg
0,Modern Bathroom Design50,Bathroom,https://secure.img1-fg.wfcdn.com/im/54441327/resize-h1330-w812%5Ecompr-r85/5866/58663112/Modern+Bathroom+Design.jpg
1,Scandinavian Bathroom Design10,Bathroom,https://secure.img1-fg.wfcdn.com/im/87992415/resize-h540-w812%5Ecompr-r85/5839/58395697/Scandinavian+Bathroom+Design.jpg
2,American Traditional Bathroom Design2,Bathroom,https://secure.img1-fg.wfcdn.com/im/05064137/resize-h594-w812%5Ecompr-r85/3979/39791624/American+Traditional+Bathroom+Design.jpg
3,Coastal Bathroom Design1,Bathroom,https://secure.img1-fg.wfcdn.com/im/71522448/resize-h558-w812%5Ecompr-r85/3924/39246260/Coastal+Bathroom+Design.jpg
4,Modern Bathroom Design51,Bathroom,https://secure.img1-fg.wfcdn.com/im/53727484/resize-h1218-w812%5Ecompr-r85/4036/40364720/Modern+Bathroom+Design.jpg
5,Glam Bathroom Design10,Bathroom,https://secure.img1-fg.wfcdn.com/im/71559512/resize-h938-w812%5Ecompr-r85/4172/41728826/Glam+Bathroom+Design.jpg
6,Minimalist Bathroom Design11,Bathroom,https://secure.img1-fg.wfcdn.com/im/37780160/resize-h1218-w812%5Ecompr-r85/4200/42009304/Minimalist+Bathroom+Design.jpg
7,Bohemian Bathroom Design15,Bathroom,https://secure.img1-fg.wfcdn.com/im/58766106/resize-h1014-w812%5Ecompr-r85/4200/42009975/Bohemian+Bathroom+Design.jpg
8,Modern Bathroom Design52,Bathroom,https://secure.img1-fg.wfcdn.com/im/74884213/resize-h1092-w812%5Ecompr-r85/4383/43834847/Modern+Bathroom+Design.jpg
9,Modern Bathroom Design53,Bathroom,https://secure.img1-fg.wfcdn.com/im/54718969/resize-h670-w812%5Ecompr-r85/4340/43405998/Modern+Bathroom+Design.jpg
10,Traditional Bathroom Design51,Bathroom,https://secure.img1-fg.wfcdn.com/im/99061821/resize-h1014-w812%5Ecompr-r85/7187/71870044/Traditional+Bathroom+Design.jpg
11,Modern Bathroom Design54,Bathroom,https://secure.img1-fg.wfcdn.com/im/49640809/resize-h558-w812%5Ecompr-r85/7264/72646169/Modern+Bathroom+Design.jpg
12,Rustic Bathroom Design,Bathroom,https://secure.img1-fg.wfcdn.com/im/31602551/resize-h1014-w812%5Ecompr-r85/7936/79361438/Rustic+Bathroom+Design.jpg
13,Scandinavian Bathroom Design11,Bathroom,https://secure.img1-fg.wfcdn.com/im/44980881/resize-h558-w812%5Ecompr-r85/7911/79119026/Scandinavian+Bathroom+Design.jpg
14,Modern Bathroom Design55,Bathroom,https://secure.img1-fg.wfcdn.com/im/08021178/resize-h1014-w812%5Ecompr-r85/8086/80866176/Modern+Bathroom+Design.jpg
15,Modern Bathroom Design56,Bathroom,https://secure.img1-fg.wfcdn.com/im/38047946/resize-h812-w812%5Ecompr-r85/8057/80574465/Modern+Bathroom+Design.jpg
16,Glam Bathroom Design11,Bathroom,https://secure.img1-fg.wfcdn.com/im/28417023/resize-h1216-w812%5Ecompr-r85/8170/8170153/Glam+Bathroom+Design.jpg
17,Traditional Bathroom Design52,Bathroom,https://secure.img1-fg.wfcdn.com/im/18282758/resize-h684-w812%5Ecompr-r85/1065/10653821/Traditional+Bathroom+Design.jpg
18,Traditional Bathroom Design53,Bathroom,https://secure.img1-fg.wfcdn.com/im/57423315/resize-h1220-w812%5Ecompr-r85/1377/13772435/Traditional+Bathroom+Design.jpg
19,Modern Bathroom Design57,Bathroom,https://secure.img1-fg.wfcdn.com/im/06548480/resize-h552-w812%5Ecompr-r85/1503/15039956/Modern+Bathroom+Design.jpg
20,Modern Bathroom Design58,Bathroom,https://secure.img1-fg.wfcdn.com/im/58516802/resize-h1218-w812%5Ecompr-r85/2385/23853443/Modern+Bathroom+Design.jpg
21,Traditional Bathroom Design54,Bathroom,https://secure.img1-fg.wfcdn.com/im/65688332/resize-h540-w812%5Ecompr-r85/2580/25807692/Traditional+Bathroom+Design.jpg
22,Modern Bathroom Design59,Bathroom,https://secure.img1-fg.wfcdn.com/im/16376143/resize-h1218-w812%5Ecompr-r85/2840/28400636/Modern+Bathroom+Design.jpg
23,Traditional Bathroom Design55,Bathroom,https://secure.img1-fg.wfcdn.com/im/41137425/resize-h1120-w812%5Ecompr-r85/3437/34377951/Traditional+Bathroom+Design.jpg
24,Bohemian Bathroom Design16,Bathroom,https://secure.img1-fg.wfcdn.com/im/2341824/resize-h1188-w812%5Ecompr-r85/3617/36172739/Bohemian+Bathroom+Design.jpg
25,Traditional Bathroom Design56,Bathroom,https://secure.img1-fg.wfcdn.com/im/33402239/resize-h540-w812%5Ecompr-r85/3614/36148714/Traditional+Bathroom+Design.jpg
26,Modern Bathroom Design60,Bathroom,https://secure.img1-fg.wfcdn.com/im/34426026/resize-h1192-w812%5Ecompr-r85/5713/57133453/Modern+Bathroom+Design.jpg
27,Modern Bathroom Design61,Bathroom,https://secure.img1-fg.wfcdn.com/im/90064138/resize-h1100-w812%5Ecompr-r85/5787/57879567/Modern+Bathroom+Design.jpg
28,Traditional Bathroom Design57,Bathroom,https://secure.img1-fg.wfcdn.com/im/72261630/resize-h1008-w812%5Ecompr-r85/5787/57879577/Traditional+Bathroom+Design.jpg
29,Modern Bathroom Design62,Bathroom,https://secure.img1-fg.wfcdn.com/im/94141974/resize-h784-w812%5Ecompr-r85/5787/57879568/Modern+Bathroom+Design.jpg
30,Glam Bathroom Design12,Bathroom,https://secure.img1-fg.wfcdn.com/im/41697903/resize-h812-w812%5Ecompr-r85/6874/68742102/Glam+Bathroom+Design.jpg
31,Modern Bathroom Design63,Bathroom,https://secure.img1-fg.wfcdn.com/im/96140024/resize-h812-w812%5Ecompr-r85/8475/84753253/Modern+Bathroom+Design.jpg
32,Modern Bathroom Design64,Bathroom,https://secure.img1-fg.wfcdn.com/im/59387336/resize-h1218-w812%5Ecompr-r85/5866/58663114/Modern+Bathroom+Design.jpg
33,Scandinavian Bathroom Design12,Bathroom,https://secure.img1-fg.wfcdn.com/im/99343328/resize-h540-w812%5Ecompr-r85/5839/58395696/Scandinavian+Bathroom+Design.jpg
34,Glam Bathroom Design13,Bathroom,https://secure.img1-fg.wfcdn.com/im/96052307/resize-h798-w812%5Ecompr-r85/3894/38942094/Glam+Bathroom+Design.jpg
35,Modern Bathroom Design65,Bathroom,https://secure.img1-fg.wfcdn.com/im/13232065/resize-h558-w812%5Ecompr-r85/3979/39792119/Modern+Bathroom+Design.jpg
36,Coastal Bathroom Design2,Bathroom,https://secure.img1-fg.wfcdn.com/im/55435735/resize-h1216-w812%5Ecompr-r85/4036/40364756/Coastal+Bathroom+Design.jpg
37,Glam Bathroom Design14,Bathroom,https://secure.img1-fg.wfcdn.com/im/42195759/resize-h544-w812%5Ecompr-r85/4172/41728824/Glam+Bathroom+Design.jpg
38,Bohemian Bathroom Design17,Bathroom,https://secure.img1-fg.wfcdn.com/im/74250563/resize-h1136-w812%5Ecompr-r85/4200/42009973/Bohemian+Bathroom+Design.jpg
39,Traditional Bathroom Design58,Bathroom,https://secure.img1-fg.wfcdn.com/im/32390757/resize-h1008-w812%5Ecompr-r85/4204/42044882/Traditional+Bathroom+Design.jpg
40,Modern Bathroom Design66,Bathroom,https://secure.img1-fg.wfcdn.com/im/39113322/resize-h816-w812%5Ecompr-r85/4383/43834865/Modern+Bathroom+Design.jpg
41,Traditional Bathroom Design59,Bathroom,https://secure.img1-fg.wfcdn.com/im/29679075/resize-h540-w812%5Ecompr-r85/4338/43388217/Traditional+Bathroom+Design.jpg
42,Modern Bathroom Design67,Bathroom,https://secure.img1-fg.wfcdn.com/im/11662381/resize-h1014-w812%5Ecompr-r85/7144/71445927/Modern+Bathroom+Design.jpg
43,Modern Bathroom Design68,Bathroom,https://secure.img1-fg.wfcdn.com/im/13386819/resize-h558-w812%5Ecompr-r85/7183/71838499/Modern+Bathroom+Design.jpg
44,Bohemian Bathroom Design18,Bathroom,https://secure.img1-fg.wfcdn.com/im/40491048/resize-h1014-w812%5Ecompr-r85/7345/73454874/Bohemian+Bathroom+Design.jpg
45,Modern Bathroom Design69,Bathroom,https://secure.img1-fg.wfcdn.com/im/70754169/resize-h812-w812%5Ecompr-r85/8001/80010173/Modern+Bathroom+Design.jpg
46,Modern Bathroom Design70,Bathroom,https://secure.img1-fg.wfcdn.com/im/07592258/resize-h812-w812%5Ecompr-r85/8050/80506004/Modern+Bathroom+Design.jpg
47,Modern Bathroom Design71,Bathroom,https://secure.img1-fg.wfcdn.com/im/81987902/resize-h812-w812%5Ecompr-r85/8157/81575094/Modern+Bathroom+Design.jpg
48,Modern Bathroom Design72,Bathroom,https://secure.img1-fg.wfcdn.com/im/42714942/resize-h1014-w812%5Ecompr-r85/8224/82244693/Modern+Bathroom+Design.jpg
49,Modern Bathroom Design73,Bathroom,https://secure.img1-fg.wfcdn.com/im/37186812/resize-h812-w812%5Ecompr-r85/8494/84944484/Modern+Bathroom+Design.jpg
50,Traditional Bathroom Design60,Bathroom,https://secure.img1-fg.wfcdn.com/im/04402887/resize-h1228-w812%5Ecompr-r85/1377/13772431/Traditional+Bathroom+Design.jpg
51,Modern Bathroom Design74,Bathroom,https://secure.img1-fg.wfcdn.com/im/72345340/resize-h1216-w812%5Ecompr-r85/1502/15027791/Modern+Bathroom+Design.jpg
52,Traditional Bathroom Design61,Bathroom,https://secure.img1-fg.wfcdn.com/im/91817817/resize-h540-w812%5Ecompr-r85/1528/15284437/Traditional+Bathroom+Design.jpg
53,Industrial Bathroom Design5,Bathroom,https://secure.img1-fg.wfcdn.com/im/85340697/resize-h540-w812%5Ecompr-r85/1713/17134703/Industrial+Bathroom+Design.jpg
54,Traditional Bathroom Design62,Bathroom,https://secure.img1-fg.wfcdn.com/im/77039245/resize-h540-w812%5Ecompr-r85/2580/25807693/Traditional+Bathroom+Design.jpg
55,Traditional Bathroom Design63,Bathroom,https://secure.img1-fg.wfcdn.com/im/69687288/resize-h1128-w812%5Ecompr-r85/3437/34377873/Traditional+Bathroom+Design.jpg
56,Modern Bathroom Design75,Bathroom,https://secure.img1-fg.wfcdn.com/im/73235624/resize-h540-w812%5Ecompr-r85/3311/33111572/Modern+Bathroom+Design.jpg
57,Modern Bathroom Design76,Bathroom,https://secure.img1-fg.wfcdn.com/im/07555358/resize-h1200-w812%5Ecompr-r85/3591/35918562/Modern+Bathroom+Design.jpg
58,Industrial Bathroom Design6,Bathroom,https://secure.img1-fg.wfcdn.com/im/74468373/resize-h916-w812%5Ecompr-r85/3514/35149762/Industrial+Bathroom+Design.jpg
59,Modern Bathroom Design77,Bathroom,https://secure.img1-fg.wfcdn.com/im/70498815/resize-h1104-w812%5Ecompr-r85/5787/57879562/Modern+Bathroom+Design.jpg
60,Modern Bathroom Design78,Bathroom,https://secure.img1-fg.wfcdn.com/im/94141974/resize-h784-w812%5Ecompr-r85/5787/57879568/Modern+Bathroom+Design.jpg
61,Traditional Bathroom Design64,Bathroom,https://secure.img1-fg.wfcdn.com/im/21560776/resize-h1194-w812%5Ecompr-r85/5787/57879582/Traditional+Bathroom+Design.jpg
62,Modern Bathroom Design79,Bathroom,https://secure.img1-fg.wfcdn.com/im/99527020/resize-h952-w812%5Ecompr-r85/5787/57879569/Modern+Bathroom+Design.jpg
63,Modern Bathroom Design80,Bathroom,https://secure.img1-fg.wfcdn.com/im/55600083/resize-h812-w812%5Ecompr-r85/7391/73911438/Modern+Bathroom+Design.jpg
64,Modern Bathroom Design81,Bathroom,https://secure.img1-fg.wfcdn.com/im/83999145/resize-h538-w812%5Ecompr-r85/5894/58946906/Modern+Bathroom+Design.jpg
65,Modern Bathroom Design82,Bathroom,https://secure.img1-fg.wfcdn.com/im/14876742/resize-h812-w812%5Ecompr-r85/8484/84844232/Modern+Bathroom+Design.jpg
66,Traditional Bathroom Design65,Bathroom,https://secure.img1-fg.wfcdn.com/im/24178944/resize-h1028-w812%5Ecompr-r85/5787/57879573/Traditional+Bathroom+Design.jpg
67,Mid-Century  Bathroom Design6,Bathroom,https://secure.img1-fg.wfcdn.com/im/92374548/resize-h558-w812%5Ecompr-r85/5895/58953042/Mid-Century++Bathroom+Design.jpg
68,Mid-Century  Bathroom Design7,Bathroom,https://secure.img1-fg.wfcdn.com/im/66676786/resize-h1218-w812%5Ecompr-r85/3945/39451994/Mid-Century++Bathroom+Design.jpg
69,Traditional Bathroom Design66,Bathroom,https://secure.img1-fg.wfcdn.com/im/57504133/resize-h540-w812%5Ecompr-r85/3844/38443990/Traditional+Bathroom+Design.jpg
70,Modern Farmhouse Bathroom Design18,Bathroom,https://secure.img1-fg.wfcdn.com/im/92174116/resize-h1216-w812%5Ecompr-r85/4051/40519326/Modern+Farmhouse+Bathroom+Design.jpg
71,Traditional Bathroom Design67,Bathroom,https://secure.img1-fg.wfcdn.com/im/99856793/resize-h540-w812%5Ecompr-r85/4051/40519296/Traditional+Bathroom+Design.jpg
72,Minimalist Bathroom Design12,Bathroom,https://secure.img1-fg.wfcdn.com/im/37780160/resize-h1218-w812%5Ecompr-r85/4200/42009304/Minimalist+Bathroom+Design.jpg
73,Glam Bathroom Design15,Bathroom,https://secure.img1-fg.wfcdn.com/im/24580097/resize-h1046-w812%5Ecompr-r85/4172/41728864/Glam+Bathroom+Design.jpg
74,Glam Bathroom Design16,Bathroom,https://secure.img1-fg.wfcdn.com/im/10259591/resize-h1216-w812%5Ecompr-r85/4217/42177554/Glam+Bathroom+Design.jpg
75,Modern Bathroom Design83,Bathroom,https://secure.img1-fg.wfcdn.com/im/02436025/resize-h670-w812%5Ecompr-r85/4383/43834888/Modern+Bathroom+Design.jpg
76,Modern Bathroom Design84,Bathroom,https://secure.img1-fg.wfcdn.com/im/21540741/resize-h1014-w812%5Ecompr-r85/7256/72566379/Modern+Bathroom+Design.jpg
77,Modern Bathroom Design85,Bathroom,https://secure.img1-fg.wfcdn.com/im/68450046/resize-h558-w812%5Ecompr-r85/7283/72837562/Modern+Bathroom+Design.jpg
78,Modern Farmhouse Bathroom Design19,Bathroom,https://secure.img1-fg.wfcdn.com/im/32403127/resize-h812-w812%5Ecompr-r85/7343/73434045/Modern+Farmhouse+Bathroom+Design.jpg
79,Modern Bathroom Design86,Bathroom,https://secure.img1-fg.wfcdn.com/im/21941901/resize-h812-w812%5Ecompr-r85/7465/74651546/Modern+Bathroom+Design.jpg
80,Modern Rustic Bathroom Design,Bathroom,https://secure.img1-fg.wfcdn.com/im/49182147/resize-h1014-w812%5Ecompr-r85/8086/80866212/Modern+Rustic+Bathroom+Design.jpg
81,Modern Bathroom Design87,Bathroom,https://secure.img1-fg.wfcdn.com/im/73616562/resize-h808-w812%5Ecompr-r85/8009/80094018/Modern+Bathroom+Design.jpg
82,Modern Bathroom Design88,Bathroom,https://secure.img1-fg.wfcdn.com/im/88046453/resize-h812-w812%5Ecompr-r85/8220/82200156/Modern+Bathroom+Design.jpg
83,Modern Bathroom Design89,Bathroom,https://secure.img1-fg.wfcdn.com/im/91160301/resize-h812-w812%5Ecompr-r85/8234/82340012/Modern+Bathroom+Design.jpg
84,Traditional Bathroom Design68,Bathroom,https://secure.img1-fg.wfcdn.com/im/72880055/resize-h1272-w812%5Ecompr-r85/1466/14663128/Traditional+Bathroom+Design.jpg
85,Modern Bathroom Design90,Bathroom,https://secure.img1-fg.wfcdn.com/im/72822514/resize-h1220-w812%5Ecompr-r85/1425/14258344/Modern+Bathroom+Design.jpg
86,Modern Farmhouse Bathroom Design20,Bathroom,https://secure.img1-fg.wfcdn.com/im/04937063/resize-h1218-w812%5Ecompr-r85/2501/25012364/Modern+Farmhouse+Bathroom+Design.jpg
87,Modern Bathroom Design91,Bathroom,https://secure.img1-fg.wfcdn.com/im/22748497/resize-h1218-w812%5Ecompr-r85/2929/29296201/Modern+Bathroom+Design.jpg
88,Scandinavian Bathroom Design13,Bathroom,https://secure.img1-fg.wfcdn.com/im/75193750/resize-h540-w812%5Ecompr-r85/3159/31595550/Scandinavian+Bathroom+Design.jpg
89,Glam Bathroom Design17,Bathroom,https://secure.img1-fg.wfcdn.com/im/54142541/resize-h1218-w812%5Ecompr-r85/3614/36147901/Glam+Bathroom+Design.jpg
90,Scandinavian Bathroom Design14,Bathroom,https://secure.img1-fg.wfcdn.com/im/40210016/resize-h1176-w812%5Ecompr-r85/3617/36172507/Scandinavian+Bathroom+Design.jpg
91,Modern Bathroom Design92,Bathroom,https://secure.img1-fg.wfcdn.com/im/84464887/resize-h1138-w812%5Ecompr-r85/5713/57133452/Modern+Bathroom+Design.jpg
92,Modern Bathroom Design93,Bathroom,https://secure.img1-fg.wfcdn.com/im/73117297/resize-h996-w812%5Ecompr-r85/5787/57879564/Modern+Bathroom+Design.jpg
93,Traditional Bathroom Design69,Bathroom,https://secure.img1-fg.wfcdn.com/im/01114483/resize-h1050-w812%5Ecompr-r85/5787/57879575/Traditional+Bathroom+Design.jpg
94,Modern Bathroom Design94,Bathroom,https://secure.img1-fg.wfcdn.com/im/83999145/resize-h538-w812%5Ecompr-r85/5894/58946906/Modern+Bathroom+Design.jpg
95,Traditional Bathroom Design70,Bathroom,https://secure.img1-fg.wfcdn.com/im/21560776/resize-h1194-w812%5Ecompr-r85/5787/57879582/Traditional+Bathroom+Design.jpg
96,Modern Bathroom Design95,Bathroom,https://secure.img1-fg.wfcdn.com/im/547439/resize-h538-w812%5Ecompr-r85/5894/58947327/Modern+Bathroom+Design.jpg
