0,Modern Bedroom Design,Room,https://secure.img1-fg.wfcdn.com/im/62090815/resize-h1218-w812%5Ecompr-r85/8399/83991795/Modern+Bedroom+Design.jpg
1,Modern Bedroom Design1,Room,https://secure.img1-fg.wfcdn.com/im/80185524/resize-h608-w812%5Ecompr-r85/8515/85158007/Modern+Bedroom+Design.jpg
2,Traditional Bedroom Design,Room,https://secure.img1-fg.wfcdn.com/im/87442578/resize-h1014-w812%5Ecompr-r85/7936/79361473/Traditional+Bedroom+Design.jpg
3,Modern Bedroom Design2,Room,https://secure.img1-fg.wfcdn.com/im/78424151/resize-h812-w812%5Ecompr-r85/7187/71870032/Modern+Bedroom+Design.jpg
4,Modern Farmhouse Bedroom Design,Room,https://secure.img1-fg.wfcdn.com/im/84804924/resize-h1014-w812%5Ecompr-r85/8451/84515076/Modern+Farmhouse+Bedroom+Design.jpg
5,Modern Farmhouse Bedroom Design1,Room,https://secure.img1-fg.wfcdn.com/im/68794075/resize-h558-w812%5Ecompr-r85/8288/82889123/Modern+Farmhouse+Bedroom+Design.jpg
6,Modern Bedroom Design3,Room,https://secure.img1-fg.wfcdn.com/im/57110756/resize-h1218-w812%5Ecompr-r85/8399/83991765/Modern+Bedroom+Design.jpg
7,Modern Bedroom Design4,Room,https://secure.img1-fg.wfcdn.com/im/07176843/resize-h1014-w812%5Ecompr-r85/8086/80866193/Modern+Bedroom+Design.jpg
8,Modern Bedroom Design5,Room,https://secure.img1-fg.wfcdn.com/im/6389678/resize-h546-w812%5Ecompr-r85/8397/83975755/Modern+Bedroom+Design.jpg
9,Mid-Century  Bedroom Design,Room,https://secure.img1-fg.wfcdn.com/im/43164267/resize-h540-w812%5Ecompr-r85/8463/8463904/Mid-Century++Bedroom+Design.jpg
10,Modern Bedroom Design6,Room,https://secure.img1-fg.wfcdn.com/im/93624959/resize-h540-w812%5Ecompr-r85/8731/8731492/Modern+Bedroom+Design.jpg
11,Modern Bedroom Design7,Room,https://secure.img1-fg.wfcdn.com/im/63681497/resize-h558-w812%5Ecompr-r85/1371/13715042/Modern+Bedroom+Design.jpg
12,Modern Bedroom Design8,Room,https://secure.img1-fg.wfcdn.com/im/88786352/resize-h542-w812%5Ecompr-r85/1092/10928427/Modern+Bedroom+Design.jpg
13,Minimalist Bedroom Design,Room,https://secure.img1-fg.wfcdn.com/im/03396444/resize-h1216-w812%5Ecompr-r85/1454/14545353/Minimalist+Bedroom+Design.jpg
14,Traditional Bedroom Design1,Room,https://secure.img1-fg.wfcdn.com/im/25522712/resize-h540-w812%5Ecompr-r85/1377/13772362/Traditional+Bedroom+Design.jpg
15,Traditional Bedroom Design2,Room,https://secure.img1-fg.wfcdn.com/im/69343154/resize-h826-w812%5Ecompr-r85/1498/14989766/Traditional+Bedroom+Design.jpg
16,Bohemian Bedroom Design,Room,https://secure.img1-fg.wfcdn.com/im/13126725/resize-h542-w812%5Ecompr-r85/1498/14989748/Bohemian+Bedroom+Design.jpg
17,Bohemian Bedroom Design1,Room,https://secure.img1-fg.wfcdn.com/im/49412936/resize-h1218-w812%5Ecompr-r85/1501/15013871/Bohemian+Bedroom+Design.jpg
18,Modern Bedroom Design9,Room,https://secure.img1-fg.wfcdn.com/im/66230190/resize-h506-w812%5Ecompr-r85/1501/15014680/Modern+Bedroom+Design.jpg
19,Industrial Bedroom Design,Room,https://secure.img1-fg.wfcdn.com/im/42652701/resize-h630-w812%5Ecompr-r85/1520/15200785/Industrial+Bedroom+Design.jpg
20,Modern Bedroom Design10,Room,https://secure.img1-fg.wfcdn.com/im/49398883/resize-h540-w812%5Ecompr-r85/1516/15167475/Modern+Bedroom+Design.jpg
21,Modern Bedroom Design11,Room,https://secure.img1-fg.wfcdn.com/im/22112941/resize-h652-w812%5Ecompr-r85/1670/16704871/Modern+Bedroom+Design.jpg
22,Modern Bedroom Design12,Room,https://secure.img1-fg.wfcdn.com/im/83662848/resize-h558-w812%5Ecompr-r85/1546/15465739/Modern+Bedroom+Design.jpg
23,Modern Bedroom Design13,Room,https://secure.img1-fg.wfcdn.com/im/21277651/resize-h1218-w812%5Ecompr-r85/1713/17134715/Modern+Bedroom+Design.jpg
24,Bohemian Bedroom Design2,Room,https://secure.img1-fg.wfcdn.com/im/91812997/resize-h1218-w812%5Ecompr-r85/2501/25012098/Bohemian+Bedroom+Design.jpg
25,Glam Bedroom Design,Room,https://secure.img1-fg.wfcdn.com/im/71897809/resize-h1218-w812%5Ecompr-r85/2622/26220933/Glam+Bedroom+Design.jpg
26,Bohemian Bedroom Design3,Room,https://secure.img1-fg.wfcdn.com/im/50040574/resize-h540-w812%5Ecompr-r85/2626/26261020/Bohemian+Bedroom+Design.jpg
27,Modern Bedroom Design14,Room,https://secure.img1-fg.wfcdn.com/im/70237376/resize-h580-w812%5Ecompr-r85/2631/26310023/Modern+Bedroom+Design.jpg
28,Modern Bedroom Design15,Room,https://secure.img1-fg.wfcdn.com/im/31001736/resize-h540-w812%5Ecompr-r85/2629/26297528/Modern+Bedroom+Design.jpg
29,Bohemian Bedroom Design4,Room,https://secure.img1-fg.wfcdn.com/im/83387216/resize-h1216-w812%5Ecompr-r85/2871/28710901/Bohemian+Bedroom+Design.jpg
30,Glam Bedroom Design1,Room,https://secure.img1-fg.wfcdn.com/im/97957605/resize-h540-w812%5Ecompr-r85/2871/28710914/Glam+Bedroom+Design.jpg
31,Glam Bedroom Design2,Room,https://secure.img1-fg.wfcdn.com/im/63941789/resize-h540-w812%5Ecompr-r85/2871/28711269/Glam+Bedroom+Design.jpg
32,Glam Bedroom Design3,Room,https://secure.img1-fg.wfcdn.com/im/92869078/resize-h540-w812%5Ecompr-r85/2871/28711482/Glam+Bedroom+Design.jpg
33,Bohemian Bedroom Design5,Room,https://secure.img1-fg.wfcdn.com/im/11704033/resize-h1218-w812%5Ecompr-r85/3014/30148203/Bohemian+Bedroom+Design.jpg
34,Glam Bedroom Design4,Room,https://secure.img1-fg.wfcdn.com/im/64970294/resize-h558-w812%5Ecompr-r85/3070/30700718/Glam+Bedroom+Design.jpg
35,Traditional Bedroom Design3,Room,https://secure.img1-fg.wfcdn.com/im/70066205/resize-h1218-w812%5Ecompr-r85/3159/31595552/Traditional+Bedroom+Design.jpg
36,Traditional Bedroom Design4,Room,https://secure.img1-fg.wfcdn.com/im/14936037/resize-h1016-w812%5Ecompr-r85/3437/34377494/Traditional+Bedroom+Design.jpg
37,Traditional Bedroom Design5,Room,https://secure.img1-fg.wfcdn.com/im/56252109/resize-h872-w812%5Ecompr-r85/3437/34377493/Traditional+Bedroom+Design.jpg
38,Traditional Bedroom Design6,Room,https://secure.img1-fg.wfcdn.com/im/50303608/resize-h812-w812%5Ecompr-r85/3437/34377515/Traditional+Bedroom+Design.jpg
39,Traditional Bedroom Design7,Room,https://secure.img1-fg.wfcdn.com/im/07817924/resize-h584-w812%5Ecompr-r85/3437/34377508/Traditional+Bedroom+Design.jpg
40,Mid-Century  Bedroom Design1,Room,https://secure.img1-fg.wfcdn.com/im/60430495/resize-h540-w812%5Ecompr-r85/3514/35148968/Mid-Century++Bedroom+Design.jpg
41,Modern Rustic Bedroom Design,Room,https://secure.img1-fg.wfcdn.com/im/34073260/resize-h540-w812%5Ecompr-r85/3514/35149571/Modern+Rustic+Bedroom+Design.jpg
42,Bohemian Bedroom Design6,Room,https://secure.img1-fg.wfcdn.com/im/56813905/resize-h1218-w812%5Ecompr-r85/3527/35271445/Bohemian+Bedroom+Design.jpg
43,Bohemian Bedroom Design7,Room,https://secure.img1-fg.wfcdn.com/im/02674138/resize-h540-w812%5Ecompr-r85/3527/35271425/Bohemian+Bedroom+Design.jpg
44,Bohemian Bedroom Design8,Room,https://secure.img1-fg.wfcdn.com/im/93300706/resize-h1014-w812%5Ecompr-r85/3572/35729055/Bohemian+Bedroom+Design.jpg
45,Modern Bedroom Design16,Room,https://secure.img1-fg.wfcdn.com/im/78307806/resize-h558-w812%5Ecompr-r85/3558/35581518/Modern+Bedroom+Design.jpg
46,Bohemian Bedroom Design9,Room,https://secure.img1-fg.wfcdn.com/im/61974856/resize-h1082-w812%5Ecompr-r85/3577/35774667/Bohemian+Bedroom+Design.jpg
47,Modern Bedroom Design17,Room,https://secure.img1-fg.wfcdn.com/im/04245406/resize-h540-w812%5Ecompr-r85/3577/35771712/Modern+Bedroom+Design.jpg
48,Glam Bedroom Design5,Room,https://secure.img1-fg.wfcdn.com/im/92985266/resize-h572-w812%5Ecompr-r85/3591/35917203/Glam+Bedroom+Design.jpg
49,Modern Farmhouse Bedroom Design2,Room,https://secure.img1-fg.wfcdn.com/im/85452755/resize-h540-w812%5Ecompr-r85/3581/35811341/Modern+Farmhouse+Bedroom+Design.jpg
50,Bohemian Bedroom Design10,Room,https://secure.img1-fg.wfcdn.com/im/65119584/resize-h1228-w812%5Ecompr-r85/3592/35922860/Bohemian+Bedroom+Design.jpg
51,Bohemian Bedroom Design11,Room,https://secure.img1-fg.wfcdn.com/im/46184173/resize-h1216-w812%5Ecompr-r85/3596/35960129/Bohemian+Bedroom+Design.jpg
52,Modern Bedroom Design18,Room,https://secure.img1-fg.wfcdn.com/im/55245115/resize-h558-w812%5Ecompr-r85/3602/36021313/Modern+Bedroom+Design.jpg
53,Glam Bedroom Design6,Room,https://secure.img1-fg.wfcdn.com/im/10264882/resize-h1032-w812%5Ecompr-r85/3611/36110272/Glam+Bedroom+Design.jpg
54,Bohemian Bedroom Design12,Room,https://secure.img1-fg.wfcdn.com/im/93289908/resize-h1032-w812%5Ecompr-r85/3611/36110300/Bohemian+Bedroom+Design.jpg
55,Scandinavian Bedroom Design,Room,https://secure.img1-fg.wfcdn.com/im/21221483/resize-h540-w812%5Ecompr-r85/3611/36113590/Scandinavian+Bedroom+Design.jpg
56,Bohemian Bedroom Design13,Room,https://secure.img1-fg.wfcdn.com/im/82261127/resize-h540-w812%5Ecompr-r85/3611/36113905/Bohemian+Bedroom+Design.jpg
57,Bohemian Bedroom Design14,Room,https://secure.img1-fg.wfcdn.com/im/89842385/resize-h1218-w812%5Ecompr-r85/3614/36144504/Bohemian+Bedroom+Design.jpg
58,Glam Bedroom Design7,Room,https://secure.img1-fg.wfcdn.com/im/43884071/resize-h540-w812%5Ecompr-r85/3614/36147771/Glam+Bedroom+Design.jpg
59,Modern Bedroom Design19,Room,https://secure.img1-fg.wfcdn.com/im/99800277/resize-h1066-w812%5Ecompr-r85/8399/83991741/Modern+Bedroom+Design.jpg
60,Modern Bedroom Design20,Room,https://secure.img1-fg.wfcdn.com/im/18313075/resize-h812-w812%5Ecompr-r85/8204/82041021/Modern+Bedroom+Design.jpg
61,Modern Bedroom Design21,Room,https://secure.img1-fg.wfcdn.com/im/18760028/resize-h1014-w812%5Ecompr-r85/8470/84708838/Modern+Bedroom+Design.jpg
62,Modern Farmhouse Bedroom Design3,Room,https://secure.img1-fg.wfcdn.com/im/59323662/resize-h558-w812%5Ecompr-r85/7752/77520894/Modern+Farmhouse+Bedroom+Design.jpg
63,Modern Bedroom Design22,Room,https://secure.img1-fg.wfcdn.com/im/33526350/resize-h1014-w812%5Ecompr-r85/7936/79365422/Modern+Bedroom+Design.jpg
64,Modern Bedroom Design23,Room,https://secure.img1-fg.wfcdn.com/im/23892038/resize-h558-w812%5Ecompr-r85/8205/82053903/Modern+Bedroom+Design.jpg
65,Traditional Bedroom Design8,Room,https://secure.img1-fg.wfcdn.com/im/71949641/resize-h1014-w812%5Ecompr-r85/8451/84515071/Traditional+Bedroom+Design.jpg
66,Bohemian Bedroom Design15,Room,https://secure.img1-fg.wfcdn.com/im/42238342/resize-h870-w812%5Ecompr-r85/4051/40518382/Bohemian+Bedroom+Design.jpg
67,Traditional Bedroom Design9,Room,https://secure.img1-fg.wfcdn.com/im/28406936/resize-h540-w812%5Ecompr-r85/8170/8170867/Traditional+Bedroom+Design.jpg
68,Modern Bedroom Design24,Room,https://secure.img1-fg.wfcdn.com/im/90630595/resize-h540-w812%5Ecompr-r85/8731/8731395/Modern+Bedroom+Design.jpg
69,Traditional Bedroom Design10,Room,https://secure.img1-fg.wfcdn.com/im/89133330/resize-h628-w812%5Ecompr-r85/1377/13772341/Traditional+Bedroom+Design.jpg
70,Traditional Bedroom Design11,Room,https://secure.img1-fg.wfcdn.com/im/12456137/resize-h548-w812%5Ecompr-r85/1377/13772336/Traditional+Bedroom+Design.jpg
71,Industrial Bedroom Design1,Room,https://secure.img1-fg.wfcdn.com/im/30832097/resize-h1218-w812%5Ecompr-r85/1454/14545352/Industrial+Bedroom+Design.jpg
72,Traditional Bedroom Design12,Room,https://secure.img1-fg.wfcdn.com/im/74836099/resize-h682-w812%5Ecompr-r85/1377/13772366/Traditional+Bedroom+Design.jpg
73,Bohemian Bedroom Design16,Room,https://secure.img1-fg.wfcdn.com/im/71958320/resize-h1218-w812%5Ecompr-r85/1501/15013868/Bohemian+Bedroom+Design.jpg
74,Bohemian Bedroom Design17,Room,https://secure.img1-fg.wfcdn.com/im/33601892/resize-h540-w812%5Ecompr-r85/1501/15013867/Bohemian+Bedroom+Design.jpg
75,Modern Bedroom Design25,Room,https://secure.img1-fg.wfcdn.com/im/64438074/resize-h538-w812%5Ecompr-r85/1503/15039958/Modern+Bedroom+Design.jpg
76,Bohemian Bedroom Design18,Room,https://secure.img1-fg.wfcdn.com/im/93050165/resize-h526-w812%5Ecompr-r85/1503/15039974/Bohemian+Bedroom+Design.jpg
77,Industrial Bedroom Design2,Room,https://secure.img1-fg.wfcdn.com/im/58723244/resize-h1240-w812%5Ecompr-r85/1520/15200784/Industrial+Bedroom+Design.jpg
78,Bohemian Bedroom Design19,Room,https://secure.img1-fg.wfcdn.com/im/46596937/resize-h534-w812%5Ecompr-r85/1513/15138852/Bohemian+Bedroom+Design.jpg
79,Modern Bedroom Design26,Room,https://secure.img1-fg.wfcdn.com/im/86280826/resize-h608-w812%5Ecompr-r85/1523/15232517/Modern+Bedroom+Design.jpg
80,Glam Bedroom Design8,Room,https://secure.img1-fg.wfcdn.com/im/35791089/resize-h540-w812%5Ecompr-r85/1522/15227050/Glam+Bedroom+Design.jpg
81,Bohemian Bedroom Design20,Room,https://secure.img1-fg.wfcdn.com/im/51606406/resize-h1218-w812%5Ecompr-r85/2383/23830633/Bohemian+Bedroom+Design.jpg
82,Bohemian Bedroom Design21,Room,https://secure.img1-fg.wfcdn.com/im/46507104/resize-h540-w812%5Ecompr-r85/2383/23830726/Bohemian+Bedroom+Design.jpg
83,Traditional Bedroom Design13,Room,https://secure.img1-fg.wfcdn.com/im/35255902/resize-h1218-w812%5Ecompr-r85/2580/25807835/Traditional+Bedroom+Design.jpg
84,Traditional Bedroom Design14,Room,https://secure.img1-fg.wfcdn.com/im/38136346/resize-h1216-w812%5Ecompr-r85/2580/25807716/Traditional+Bedroom+Design.jpg
85,Modern Bedroom Design27,Room,https://secure.img1-fg.wfcdn.com/im/40502811/resize-h578-w812%5Ecompr-r85/2631/26310016/Modern+Bedroom+Design.jpg
86,Minimalist Bedroom Design1,Room,https://secure.img1-fg.wfcdn.com/im/38505541/resize-h540-w812%5Ecompr-r85/2629/26297547/Minimalist+Bedroom+Design.jpg
87,Modern Bedroom Design28,Room,https://secure.img1-fg.wfcdn.com/im/23791081/resize-h578-w812%5Ecompr-r85/2763/27634687/Modern+Bedroom+Design.jpg
88,Bohemian Bedroom Design22,Room,https://secure.img1-fg.wfcdn.com/im/05910170/resize-h540-w812%5Ecompr-r85/2871/28710892/Bohemian+Bedroom+Design.jpg
89,Glam Bedroom Design9,Room,https://secure.img1-fg.wfcdn.com/im/20659431/resize-h540-w812%5Ecompr-r85/2871/28710916/Glam+Bedroom+Design.jpg
90,Glam Bedroom Design10,Room,https://secure.img1-fg.wfcdn.com/im/81518165/resize-h540-w812%5Ecompr-r85/2871/28711481/Glam+Bedroom+Design.jpg
91,American Traditional Bedroom Design,Room,https://secure.img1-fg.wfcdn.com/im/58367579/resize-h540-w812%5Ecompr-r85/2871/28711520/American+Traditional+Bedroom+Design.jpg
92,American Traditional Bedroom Design1,Room,https://secure.img1-fg.wfcdn.com/im/49257027/resize-h1218-w812%5Ecompr-r85/3014/30148238/American+Traditional+Bedroom+Design.jpg
93,Modern Bedroom Design29,Room,https://secure.img1-fg.wfcdn.com/im/30102170/resize-h540-w812%5Ecompr-r85/3014/30148207/Modern+Bedroom+Design.jpg
94,Mid-Century  Bedroom Design2,Room,https://secure.img1-fg.wfcdn.com/im/69974320/resize-h558-w812%5Ecompr-r85/3259/32592162/Mid-Century++Bedroom+Design.jpg
95,Modern Bedroom Design30,Room,https://secure.img1-fg.wfcdn.com/im/03488828/resize-h558-w812%5Ecompr-r85/3259/32592757/Modern+Bedroom+Design.jpg
96,Ornate Traditional Bedroom Design,Room,https://secure.img1-fg.wfcdn.com/im/78694005/resize-h540-w812%5Ecompr-r85/3159/31595582/Ornate+Traditional+Bedroom+Design.jpg
97,Traditional Bedroom Design15,Room,https://secure.img1-fg.wfcdn.com/im/18141321/resize-h956-w812%5Ecompr-r85/3437/34377504/Traditional+Bedroom+Design.jpg
98,Traditional Bedroom Design16,Room,https://secure.img1-fg.wfcdn.com/im/85144143/resize-h556-w812%5Ecompr-r85/3437/34377492/Traditional+Bedroom+Design.jpg
99,Traditional Bedroom Design17,Room,https://secure.img1-fg.wfcdn.com/im/91139007/resize-h672-w812%5Ecompr-r85/3437/34377514/Traditional+Bedroom+Design.jpg
100,Traditional Bedroom Design18,Room,https://secure.img1-fg.wfcdn.com/im/22568990/resize-h592-w812%5Ecompr-r85/3437/34377510/Traditional+Bedroom+Design.jpg
101,Traditional Bedroom Design19,Room,https://secure.img1-fg.wfcdn.com/im/86584127/resize-h596-w812%5Ecompr-r85/3438/34381785/Traditional+Bedroom+Design.jpg
102,Bohemian Bedroom Design23,Room,https://secure.img1-fg.wfcdn.com/im/56197058/resize-h540-w812%5Ecompr-r85/3516/35167302/Bohemian+Bedroom+Design.jpg
103,Mid-Century  Bedroom Design3,Room,https://secure.img1-fg.wfcdn.com/im/14907496/resize-h626-w812%5Ecompr-r85/3549/35498328/Mid-Century++Bedroom+Design.jpg
104,Traditional Bedroom Design20,Room,https://secure.img1-fg.wfcdn.com/im/09800299/resize-h608-w812%5Ecompr-r85/3541/35416237/Traditional+Bedroom+Design.jpg
105,Bohemian Bedroom Design24,Room,https://secure.img1-fg.wfcdn.com/im/12253682/resize-h1186-w812%5Ecompr-r85/3570/35700999/Bohemian+Bedroom+Design.jpg
106,Bohemian Bedroom Design25,Room,https://secure.img1-fg.wfcdn.com/im/73227661/resize-h574-w812%5Ecompr-r85/3571/35716698/Bohemian+Bedroom+Design.jpg
107,Modern Bedroom Design31,Room,https://secure.img1-fg.wfcdn.com/im/28575023/resize-h1218-w812%5Ecompr-r85/3577/35771758/Modern+Bedroom+Design.jpg
108,Modern Bedroom Design32,Room,https://secure.img1-fg.wfcdn.com/im/29359556/resize-h540-w812%5Ecompr-r85/3577/35771541/Modern+Bedroom+Design.jpg
109,Bohemian Bedroom Design26,Room,https://secure.img1-fg.wfcdn.com/im/33267319/resize-h812-w812%5Ecompr-r85/3578/35784029/Bohemian+Bedroom+Design.jpg
110,Industrial Bedroom Design3,Room,https://secure.img1-fg.wfcdn.com/im/43565606/resize-h540-w812%5Ecompr-r85/3591/35916904/Industrial+Bedroom+Design.jpg
111,Bohemian Bedroom Design27,Room,https://secure.img1-fg.wfcdn.com/im/73756913/resize-h558-w812%5Ecompr-r85/3595/35956557/Bohemian+Bedroom+Design.jpg
112,Mid-Century  Bedroom Design4,Room,https://secure.img1-fg.wfcdn.com/im/57216142/resize-h540-w812%5Ecompr-r85/3591/35917886/Mid-Century++Bedroom+Design.jpg
113,Mid-Century  Bedroom Design5,Room,https://secure.img1-fg.wfcdn.com/im/70254206/resize-h538-w812%5Ecompr-r85/3591/35917890/Mid-Century++Bedroom+Design.jpg
114,Modern Rustic Bedroom Design1,Room,https://secure.img1-fg.wfcdn.com/im/85134412/resize-h1136-w812%5Ecompr-r85/3602/36021483/Modern+Rustic+Bedroom+Design.jpg
115,Glam Bedroom Design11,Room,https://secure.img1-fg.wfcdn.com/im/26701823/resize-h540-w812%5Ecompr-r85/3596/35960139/Glam+Bedroom+Design.jpg
116,Bohemian Bedroom Design28,Room,https://secure.img1-fg.wfcdn.com/im/31291662/resize-h1032-w812%5Ecompr-r85/3611/36110294/Bohemian+Bedroom+Design.jpg
117,Modern Rustic Bedroom Design2,Room,https://secure.img1-fg.wfcdn.com/im/73589371/resize-h540-w812%5Ecompr-r85/3611/36113585/Modern+Rustic+Bedroom+Design.jpg
118,Scandinavian Bedroom Design1,Room,https://secure.img1-fg.wfcdn.com/im/21221483/resize-h540-w812%5Ecompr-r85/3611/36113590/Scandinavian+Bedroom+Design.jpg
119,Modern Bedroom Design33,Room,https://secure.img1-fg.wfcdn.com/im/61864183/resize-h540-w812%5Ecompr-r85/3611/36113709/Modern+Bedroom+Design.jpg
120,Bohemian Bedroom Design29,Room,https://secure.img1-fg.wfcdn.com/im/93773998/resize-h1218-w812%5Ecompr-r85/3614/36144503/Bohemian+Bedroom+Design.jpg
121,Bohemian Bedroom Design30,Room,https://secure.img1-fg.wfcdn.com/im/82068411/resize-h540-w812%5Ecompr-r85/3614/36144495/Bohemian+Bedroom+Design.jpg
122,Modern Bedroom Design34,Room,https://secure.img1-fg.wfcdn.com/im/50167430/resize-h1014-w812%5Ecompr-r85/7144/71445876/Modern+Bedroom+Design.jpg
123,Modern Bedroom Design35,Room,https://secure.img1-fg.wfcdn.com/im/98484092/resize-h812-w812%5Ecompr-r85/8234/82349232/Modern+Bedroom+Design.jpg
124,Bohemian Bedroom Design31,Room,https://secure.img1-fg.wfcdn.com/im/13957543/resize-h1014-w812%5Ecompr-r85/7936/79361429/Bohemian+Bedroom+Design.jpg
125,Modern Bedroom Design36,Room,https://secure.img1-fg.wfcdn.com/im/01167173/resize-h812-w812%5Ecompr-r85/7144/71445890/Modern+Bedroom+Design.jpg
126,Rustic Bedroom Design,Room,https://secure.img1-fg.wfcdn.com/im/07126723/resize-h966-w812%5Ecompr-r85/7936/79361448/Rustic+Bedroom+Design.jpg
127,Modern Farmhouse Bedroom Design4,Room,https://secure.img1-fg.wfcdn.com/im/52896550/resize-h558-w812%5Ecompr-r85/8102/81027440/Modern+Farmhouse+Bedroom+Design.jpg
128,Modern Bedroom Design37,Room,https://secure.img1-fg.wfcdn.com/im/10018213/resize-h1218-w812%5Ecompr-r85/8399/83991788/Modern+Bedroom+Design.jpg
129,Modern Farmhouse Bedroom Design5,Room,https://secure.img1-fg.wfcdn.com/im/07530761/resize-h1014-w812%5Ecompr-r85/8397/83975759/Modern+Farmhouse+Bedroom+Design.jpg
130,Modern Bedroom Design38,Room,https://secure.img1-fg.wfcdn.com/im/94052095/resize-h1216-w812%5Ecompr-r85/9385/9385200/Modern+Bedroom+Design.jpg
131,Traditional Bedroom Design21,Room,https://secure.img1-fg.wfcdn.com/im/58394668/resize-h1154-w812%5Ecompr-r85/1377/13772351/Traditional+Bedroom+Design.jpg
132,Traditional Bedroom Design22,Room,https://secure.img1-fg.wfcdn.com/im/2820886/resize-h540-w812%5Ecompr-r85/1377/13772360/Traditional+Bedroom+Design.jpg
133,Bohemian Bedroom Design32,Room,https://secure.img1-fg.wfcdn.com/im/53260682/resize-h1082-w812%5Ecompr-r85/1498/14989714/Bohemian+Bedroom+Design.jpg
134,Traditional Bedroom Design23,Room,https://secure.img1-fg.wfcdn.com/im/01631424/resize-h540-w812%5Ecompr-r85/1377/13772414/Traditional+Bedroom+Design.jpg
135,Traditional Bedroom Design24,Room,https://secure.img1-fg.wfcdn.com/im/00703125/resize-h618-w812%5Ecompr-r85/1498/14989775/Traditional+Bedroom+Design.jpg
136,Modern Bedroom Design39,Room,https://secure.img1-fg.wfcdn.com/im/49442500/resize-h558-w812%5Ecompr-r85/1500/15009917/Modern+Bedroom+Design.jpg
137,American Traditional Bedroom Design2,Room,https://secure.img1-fg.wfcdn.com/im/38062023/resize-h1218-w812%5Ecompr-r85/1501/15013870/American+Traditional+Bedroom+Design.jpg
138,Mid-Century  Bedroom Design6,Room,https://secure.img1-fg.wfcdn.com/im/90680817/resize-h506-w812%5Ecompr-r85/1501/15014670/Mid-Century++Bedroom+Design.jpg
139,Modern Bedroom Design40,Room,https://secure.img1-fg.wfcdn.com/im/18351234/resize-h662-w812%5Ecompr-r85/1513/15138848/Modern+Bedroom+Design.jpg
140,Bohemian Bedroom Design33,Room,https://secure.img1-fg.wfcdn.com/im/60925202/resize-h606-w812%5Ecompr-r85/1503/15039981/Bohemian+Bedroom+Design.jpg
141,Mid-Century  Bedroom Design7,Room,https://secure.img1-fg.wfcdn.com/im/77434275/resize-h1216-w812%5Ecompr-r85/1670/16704883/Mid-Century++Bedroom+Design.jpg
142,Modern Bedroom Design41,Room,https://secure.img1-fg.wfcdn.com/im/48868484/resize-h540-w812%5Ecompr-r85/1713/17134711/Modern+Bedroom+Design.jpg
143,Bohemian Bedroom Design34,Room,https://secure.img1-fg.wfcdn.com/im/39459880/resize-h1218-w812%5Ecompr-r85/2383/23830723/Bohemian+Bedroom+Design.jpg
144,American Traditional Bedroom Design3,Room,https://secure.img1-fg.wfcdn.com/im/29546743/resize-h540-w812%5Ecompr-r85/2549/25498174/American+Traditional+Bedroom+Design.jpg
145,Glam Bedroom Design12,Room,https://secure.img1-fg.wfcdn.com/im/07720103/resize-h1218-w812%5Ecompr-r85/2622/26220120/Glam+Bedroom+Design.jpg
146,Traditional Bedroom Design25,Room,https://secure.img1-fg.wfcdn.com/im/39691922/resize-h546-w812%5Ecompr-r85/2580/25807865/Traditional+Bedroom+Design.jpg
147,Modern Rustic Bedroom Design3,Room,https://secure.img1-fg.wfcdn.com/im/56851434/resize-h862-w812%5Ecompr-r85/2630/26309734/Modern+Rustic+Bedroom+Design.jpg
148,Modern Bedroom Design42,Room,https://secure.img1-fg.wfcdn.com/im/95703640/resize-h540-w812%5Ecompr-r85/2629/26297539/Modern+Bedroom+Design.jpg
149,Bohemian Bedroom Design35,Room,https://secure.img1-fg.wfcdn.com/im/24943760/resize-h1216-w812%5Ecompr-r85/2871/28710923/Bohemian+Bedroom+Design.jpg
150,Glam Bedroom Design13,Room,https://secure.img1-fg.wfcdn.com/im/1948317/resize-h1216-w812%5Ecompr-r85/2871/28716410/Glam+Bedroom+Design.jpg
151,Traditional Bedroom Design26,Room,https://secure.img1-fg.wfcdn.com/im/53409451/resize-h540-w812%5Ecompr-r85/2871/28716134/Traditional+Bedroom+Design.jpg
152,Modern Farmhouse Bedroom Design6,Room,https://secure.img1-fg.wfcdn.com/im/49413469/resize-h1218-w812%5Ecompr-r85/3014/30148243/Modern+Farmhouse+Bedroom+Design.jpg
153,Bohemian Bedroom Design36,Room,https://secure.img1-fg.wfcdn.com/im/48956888/resize-h540-w812%5Ecompr-r85/3014/30148227/Bohemian+Bedroom+Design.jpg
154,Mid-Century  Bedroom Design8,Room,https://secure.img1-fg.wfcdn.com/im/03561008/resize-h558-w812%5Ecompr-r85/3259/32592470/Mid-Century++Bedroom+Design.jpg
155,Modern Bedroom Design43,Room,https://secure.img1-fg.wfcdn.com/im/68778515/resize-h556-w812%5Ecompr-r85/3344/33442870/Modern+Bedroom+Design.jpg
156,Traditional Bedroom Design27,Room,https://secure.img1-fg.wfcdn.com/im/38826460/resize-h970-w812%5Ecompr-r85/3344/33442875/Traditional+Bedroom+Design.jpg
157,Traditional Bedroom Design28,Room,https://secure.img1-fg.wfcdn.com/im/67123126/resize-h576-w812%5Ecompr-r85/3437/34377486/Traditional+Bedroom+Design.jpg
158,Traditional Bedroom Design29,Room,https://secure.img1-fg.wfcdn.com/im/27245069/resize-h1014-w812%5Ecompr-r85/3437/34377517/Traditional+Bedroom+Design.jpg
159,Traditional Bedroom Design30,Room,https://secure.img1-fg.wfcdn.com/im/27229835/resize-h638-w812%5Ecompr-r85/3437/34377954/Traditional+Bedroom+Design.jpg
160,Minimalist Bedroom Design2,Room,https://secure.img1-fg.wfcdn.com/im/52188673/resize-h540-w812%5Ecompr-r85/3499/34995769/Minimalist+Bedroom+Design.jpg
161,Modern Rustic Bedroom Design4,Room,https://secure.img1-fg.wfcdn.com/im/38035768/resize-h540-w812%5Ecompr-r85/3514/35149564/Modern+Rustic+Bedroom+Design.jpg
162,Bohemian Bedroom Design37,Room,https://secure.img1-fg.wfcdn.com/im/09721362/resize-h1218-w812%5Ecompr-r85/3527/35271422/Bohemian+Bedroom+Design.jpg
163,Modern Bedroom Design44,Room,https://secure.img1-fg.wfcdn.com/im/59748483/resize-h558-w812%5Ecompr-r85/3558/35581508/Modern+Bedroom+Design.jpg
164,Bohemian Bedroom Design38,Room,https://secure.img1-fg.wfcdn.com/im/47705328/resize-h812-w812%5Ecompr-r85/3572/35729209/Bohemian+Bedroom+Design.jpg
165,Modern Bedroom Design45,Room,https://secure.img1-fg.wfcdn.com/im/89658719/resize-h558-w812%5Ecompr-r85/3558/35581517/Modern+Bedroom+Design.jpg
166,Glam Bedroom Design14,Room,https://secure.img1-fg.wfcdn.com/im/28669962/resize-h1082-w812%5Ecompr-r85/3572/35729784/Glam+Bedroom+Design.jpg
167,Glam Bedroom Design15,Room,https://secure.img1-fg.wfcdn.com/im/15705231/resize-h540-w812%5Ecompr-r85/3573/35737463/Glam+Bedroom+Design.jpg
168,Modern Bedroom Design46,Room,https://secure.img1-fg.wfcdn.com/im/36327811/resize-h1218-w812%5Ecompr-r85/3578/35787201/Modern+Bedroom+Design.jpg
169,Industrial Bedroom Design4,Room,https://secure.img1-fg.wfcdn.com/im/91005002/resize-h540-w812%5Ecompr-r85/3591/35916977/Industrial+Bedroom+Design.jpg
170,Mid-Century  Bedroom Design9,Room,https://secure.img1-fg.wfcdn.com/im/44565495/resize-h540-w812%5Ecompr-r85/3591/35917649/Mid-Century++Bedroom+Design.jpg
171,Minimalist Bedroom Design3,Room,https://secure.img1-fg.wfcdn.com/im/08003547/resize-h540-w812%5Ecompr-r85/3596/35960124/Minimalist+Bedroom+Design.jpg
172,Minimalist Bedroom Design4,Room,https://secure.img1-fg.wfcdn.com/im/46340615/resize-h1216-w812%5Ecompr-r85/3596/35960134/Minimalist+Bedroom+Design.jpg
173,American Traditional Bedroom Design4,Room,https://secure.img1-fg.wfcdn.com/im/18701829/resize-h540-w812%5Ecompr-r85/3596/35960135/American+Traditional+Bedroom+Design.jpg
174,Bohemian Bedroom Design39,Room,https://secure.img1-fg.wfcdn.com/im/57840596/resize-h1032-w812%5Ecompr-r85/3611/36110278/Bohemian+Bedroom+Design.jpg
175,Bohemian Bedroom Design40,Room,https://secure.img1-fg.wfcdn.com/im/52924577/resize-h540-w812%5Ecompr-r85/3611/36112942/Bohemian+Bedroom+Design.jpg
176,Modern Rustic Bedroom Design5,Room,https://secure.img1-fg.wfcdn.com/im/73589371/resize-h540-w812%5Ecompr-r85/3611/36113585/Modern+Rustic+Bedroom+Design.jpg
177,Modern Bedroom Design47,Room,https://secure.img1-fg.wfcdn.com/im/61864183/resize-h540-w812%5Ecompr-r85/3611/36113709/Modern+Bedroom+Design.jpg
178,Bohemian Bedroom Design41,Room,https://secure.img1-fg.wfcdn.com/im/43126665/resize-h1218-w812%5Ecompr-r85/3614/36144498/Bohemian+Bedroom+Design.jpg
179,Bohemian Bedroom Design42,Room,https://secure.img1-fg.wfcdn.com/im/82261127/resize-h540-w812%5Ecompr-r85/3611/36113905/Bohemian+Bedroom+Design.jpg
0,Glam Bedroom Design16,Room,https://secure.img1-fg.wfcdn.com/im/09374751/resize-h1218-w812%5Ecompr-r85/3614/36147790/Glam+Bedroom+Design.jpg
1,Modern Rustic Bedroom Design6,Room,https://secure.img1-fg.wfcdn.com/im/12550246/resize-h540-w812%5Ecompr-r85/3616/36160588/Modern+Rustic+Bedroom+Design.jpg
2,Bohemian Bedroom Design43,Room,https://secure.img1-fg.wfcdn.com/im/90174953/resize-h1218-w812%5Ecompr-r85/3617/36172518/Bohemian+Bedroom+Design.jpg
3,Mid-Century  Bedroom Design10,Room,https://secure.img1-fg.wfcdn.com/im/75175164/resize-h540-w812%5Ecompr-r85/3617/36172499/Mid-Century++Bedroom+Design.jpg
4,Modern Bedroom Design48,Room,https://secure.img1-fg.wfcdn.com/im/16418612/resize-h558-w812%5Ecompr-r85/3628/36287033/Modern+Bedroom+Design.jpg
5,Modern Bedroom Design49,Room,https://secure.img1-fg.wfcdn.com/im/58069811/resize-h540-w812%5Ecompr-r85/5255/52556014/Modern+Bedroom+Design.jpg
6,Modern Bedroom Design50,Room,https://secure.img1-fg.wfcdn.com/im/69899468/resize-h1124-w812%5Ecompr-r85/5265/52651546/Modern+Bedroom+Design.jpg
7,Modern Bedroom Design51,Room,https://secure.img1-fg.wfcdn.com/im/39096331/resize-h540-w812%5Ecompr-r85/5141/51410092/Modern+Bedroom+Design.jpg
8,Bohemian Bedroom Design44,Room,https://secure.img1-fg.wfcdn.com/im/42946297/resize-h558-w812%5Ecompr-r85/5303/53031337/Bohemian+Bedroom+Design.jpg
9,Modern Bedroom Design52,Room,https://secure.img1-fg.wfcdn.com/im/84608305/resize-h558-w812%5Ecompr-r85/5452/54523356/Modern+Bedroom+Design.jpg
10,Modern Bedroom Design53,Room,https://secure.img1-fg.wfcdn.com/im/98096789/resize-h1118-w812%5Ecompr-r85/5574/55742979/Modern+Bedroom+Design.jpg
11,Modern Bedroom Design54,Room,https://secure.img1-fg.wfcdn.com/im/13000660/resize-h558-w812%5Ecompr-r85/5461/54613179/Modern+Bedroom+Design.jpg
12,Modern Bedroom Design55,Room,https://secure.img1-fg.wfcdn.com/im/81543469/resize-h558-w812%5Ecompr-r85/5626/56268796/Modern+Bedroom+Design.jpg
13,Modern Bedroom Design56,Room,https://secure.img1-fg.wfcdn.com/im/69237140/resize-h540-w812%5Ecompr-r85/5683/56837226/Modern+Bedroom+Design.jpg
14,Bohemian Bedroom Design45,Room,https://secure.img1-fg.wfcdn.com/im/30055852/resize-h962-w812%5Ecompr-r85/5785/57852596/Bohemian+Bedroom+Design.jpg
15,Bohemian Bedroom Design46,Room,https://secure.img1-fg.wfcdn.com/im/77228598/resize-h608-w812%5Ecompr-r85/5722/57221603/Bohemian+Bedroom+Design.jpg
16,Bohemian Bedroom Design47,Room,https://secure.img1-fg.wfcdn.com/im/30055852/resize-h962-w812%5Ecompr-r85/5785/57852596/Bohemian+Bedroom+Design.jpg
17,Mid-Century  Bedroom Design11,Room,https://secure.img1-fg.wfcdn.com/im/86318615/resize-h812-w812%5Ecompr-r85/5795/57954639/Mid-Century++Bedroom+Design.jpg
18,Glam Bedroom Design17,Room,https://secure.img1-fg.wfcdn.com/im/71043613/resize-h1218-w812%5Ecompr-r85/5865/58654452/Glam+Bedroom+Design.jpg
19,Modern Bedroom Design57,Room,https://secure.img1-fg.wfcdn.com/im/61931699/resize-h558-w812%5Ecompr-r85/5913/59137172/Modern+Bedroom+Design.jpg
20,Modern Bedroom Design58,Room,https://secure.img1-fg.wfcdn.com/im/40363788/resize-h1116-w812%5Ecompr-r85/5939/59397970/Modern+Bedroom+Design.jpg
21,Modern Bedroom Design59,Room,https://secure.img1-fg.wfcdn.com/im/66901500/resize-h558-w812%5Ecompr-r85/5915/59157504/Modern+Bedroom+Design.jpg
22,Modern Farmhouse Bedroom Design7,Room,https://secure.img1-fg.wfcdn.com/im/44929006/resize-h1156-w812%5Ecompr-r85/5939/59397972/Modern+Farmhouse+Bedroom+Design.jpg
23,Modern Bedroom Design60,Room,https://secure.img1-fg.wfcdn.com/im/27048883/resize-h558-w812%5Ecompr-r85/5915/59158452/Modern+Bedroom+Design.jpg
24,Modern Bedroom Design61,Room,https://secure.img1-fg.wfcdn.com/im/91014173/resize-h1014-w812%5Ecompr-r85/6281/62811115/Modern+Bedroom+Design.jpg
25,Traditional Bedroom Design31,Room,https://secure.img1-fg.wfcdn.com/im/76813923/resize-h442-w812%5Ecompr-r85/6273/62733918/Traditional+Bedroom+Design.jpg
26,Modern Bedroom Design62,Room,https://secure.img1-fg.wfcdn.com/im/91014173/resize-h1014-w812%5Ecompr-r85/6281/62811115/Modern+Bedroom+Design.jpg
27,Modern Bedroom Design63,Room,https://secure.img1-fg.wfcdn.com/im/62717058/resize-h608-w812%5Ecompr-r85/6281/62811123/Modern+Bedroom+Design.jpg
28,Mid-Century  Bedroom Design12,Room,https://secure.img1-fg.wfcdn.com/im/69152401/resize-h812-w812%5Ecompr-r85/6324/63246216/Mid-Century++Bedroom+Design.jpg
29,Modern Bedroom Design64,Room,https://secure.img1-fg.wfcdn.com/im/06704005/resize-h558-w812%5Ecompr-r85/6429/64290774/Modern+Bedroom+Design.jpg
30,Mid-Century  Bedroom Design13,Room,https://secure.img1-fg.wfcdn.com/im/69152401/resize-h812-w812%5Ecompr-r85/6324/63246216/Mid-Century++Bedroom+Design.jpg
31,Mid-Century  Bedroom Design14,Room,https://secure.img1-fg.wfcdn.com/im/51723502/resize-h812-w812%5Ecompr-r85/6466/64662265/Mid-Century++Bedroom+Design.jpg
32,Modern Bedroom Design65,Room,https://secure.img1-fg.wfcdn.com/im/02545125/resize-h808-w812%5Ecompr-r85/6496/64964114/Modern+Bedroom+Design.jpg
33,Bohemian Bedroom Design48,Room,https://secure.img1-fg.wfcdn.com/im/02759044/resize-h558-w812%5Ecompr-r85/6708/67088339/Bohemian+Bedroom+Design.jpg
34,Modern Bedroom Design66,Room,https://secure.img1-fg.wfcdn.com/im/50825046/resize-h812-w812%5Ecompr-r85/6708/67089126/Modern+Bedroom+Design.jpg
35,Bohemian Bedroom Design49,Room,https://secure.img1-fg.wfcdn.com/im/02759044/resize-h558-w812%5Ecompr-r85/6708/67088339/Bohemian+Bedroom+Design.jpg
36,Bohemian Bedroom Design50,Room,https://secure.img1-fg.wfcdn.com/im/7520176/resize-h812-w812%5Ecompr-r85/6874/68741584/Bohemian+Bedroom+Design.jpg
37,Minimalist Bedroom Design5,Room,https://secure.img1-fg.wfcdn.com/im/59739407/resize-h558-w812%5Ecompr-r85/6785/67855433/Minimalist+Bedroom+Design.jpg
38,Scandinavian Bedroom Design2,Room,https://secure.img1-fg.wfcdn.com/im/81379414/resize-h1014-w812%5Ecompr-r85/6874/68741585/Scandinavian+Bedroom+Design.jpg
39,Bohemian Bedroom Design51,Room,https://secure.img1-fg.wfcdn.com/im/7520176/resize-h812-w812%5Ecompr-r85/6874/68741584/Bohemian+Bedroom+Design.jpg
40,Minimalist Bedroom Design6,Room,https://secure.img1-fg.wfcdn.com/im/54520659/resize-h558-w812%5Ecompr-r85/6898/68986479/Minimalist+Bedroom+Design.jpg
41,Modern Bedroom Design67,Room,https://secure.img1-fg.wfcdn.com/im/28782840/resize-h558-w812%5Ecompr-r85/6898/68986490/Modern+Bedroom+Design.jpg
42,Mid-Century  Bedroom Design15,Room,https://secure.img1-fg.wfcdn.com/im/69991657/resize-h1014-w812%5Ecompr-r85/7087/70872812/Mid-Century++Bedroom+Design.jpg
43,Modern Bedroom Design68,Room,https://secure.img1-fg.wfcdn.com/im/72846907/resize-h1006-w812%5Ecompr-r85/7153/71532877/Modern+Bedroom+Design.jpg
44,Traditional Bedroom Design32,Room,https://secure.img1-fg.wfcdn.com/im/21920089/resize-h1014-w812%5Ecompr-r85/7187/71870037/Traditional+Bedroom+Design.jpg
45,Modern Bedroom Design69,Room,https://secure.img1-fg.wfcdn.com/im/72846907/resize-h1006-w812%5Ecompr-r85/7153/71532877/Modern+Bedroom+Design.jpg
46,Modern Bedroom Design70,Room,https://secure.img1-fg.wfcdn.com/im/81798761/resize-h558-w812%5Ecompr-r85/3756/37565115/Modern+Bedroom+Design.jpg
47,Modern Bedroom Design71,Room,https://secure.img1-fg.wfcdn.com/im/41228241/resize-h558-w812%5Ecompr-r85/3756/37565283/Modern+Bedroom+Design.jpg
48,Modern Bedroom Design72,Room,https://secure.img1-fg.wfcdn.com/im/81798761/resize-h558-w812%5Ecompr-r85/3756/37565115/Modern+Bedroom+Design.jpg
49,Modern Bedroom Design73,Room,https://secure.img1-fg.wfcdn.com/im/41228241/resize-h558-w812%5Ecompr-r85/3756/37565283/Modern+Bedroom+Design.jpg
50,Modern Bedroom Design74,Room,https://secure.img1-fg.wfcdn.com/im/80792062/resize-h726-w812%5Ecompr-r85/3779/37790317/Modern+Bedroom+Design.jpg
51,Bohemian Bedroom Design52,Room,https://secure.img1-fg.wfcdn.com/im/27696266/resize-h546-w812%5Ecompr-r85/3844/38448303/Bohemian+Bedroom+Design.jpg
52,Modern Bedroom Design75,Room,https://secure.img1-fg.wfcdn.com/im/99273112/resize-h558-w812%5Ecompr-r85/3865/38652257/Modern+Bedroom+Design.jpg
53,Minimalist Bedroom Design7,Room,https://secure.img1-fg.wfcdn.com/im/57344388/resize-h558-w812%5Ecompr-r85/3878/38781940/Minimalist+Bedroom+Design.jpg
54,Industrial Bedroom Design5,Room,https://secure.img1-fg.wfcdn.com/im/81218702/resize-h812-w812%5Ecompr-r85/3887/38874481/Industrial+Bedroom+Design.jpg
55,Industrial Bedroom Design6,Room,https://secure.img1-fg.wfcdn.com/im/13462378/resize-h558-w812%5Ecompr-r85/3887/38874774/Industrial+Bedroom+Design.jpg
56,Industrial Bedroom Design7,Room,https://secure.img1-fg.wfcdn.com/im/57715598/resize-h558-w812%5Ecompr-r85/3892/38929535/Industrial+Bedroom+Design.jpg
57,Minimalist Bedroom Design8,Room,https://secure.img1-fg.wfcdn.com/im/89515776/resize-h558-w812%5Ecompr-r85/3979/39791403/Minimalist+Bedroom+Design.jpg
58,Modern Rustic Bedroom Design7,Room,https://secure.img1-fg.wfcdn.com/im/33951936/resize-h558-w812%5Ecompr-r85/3979/39791788/Modern+Rustic+Bedroom+Design.jpg
59,Modern Bedroom Design76,Room,https://secure.img1-fg.wfcdn.com/im/76266760/resize-h558-w812%5Ecompr-r85/4001/40016241/Modern+Bedroom+Design.jpg
60,Bohemian Bedroom Design53,Room,https://secure.img1-fg.wfcdn.com/im/65868746/resize-h1218-w812%5Ecompr-r85/3614/36148712/Bohemian+Bedroom+Design.jpg
61,Bohemian Bedroom Design54,Room,https://secure.img1-fg.wfcdn.com/im/50906674/resize-h1218-w812%5Ecompr-r85/3616/36160589/Bohemian+Bedroom+Design.jpg
62,Modern Bedroom Design77,Room,https://secure.img1-fg.wfcdn.com/im/29148678/resize-h558-w812%5Ecompr-r85/3628/36286962/Modern+Bedroom+Design.jpg
63,Modern Bedroom Design78,Room,https://secure.img1-fg.wfcdn.com/im/12893918/resize-h1018-w812%5Ecompr-r85/5265/52651540/Modern+Bedroom+Design.jpg
64,Modern Bedroom Design79,Room,https://secure.img1-fg.wfcdn.com/im/39096331/resize-h540-w812%5Ecompr-r85/5141/51410092/Modern+Bedroom+Design.jpg
65,Modern Bedroom Design80,Room,https://secure.img1-fg.wfcdn.com/im/77752506/resize-h812-w812%5Ecompr-r85/5217/52174549/Modern+Bedroom+Design.jpg
66,Tropical Bedroom Design,Room,https://secure.img1-fg.wfcdn.com/im/07846701/resize-h540-w812%5Ecompr-r85/5255/52558522/Tropical+Bedroom+Design.jpg
67,Modern Bedroom Design81,Room,https://secure.img1-fg.wfcdn.com/im/55003015/resize-h558-w812%5Ecompr-r85/5451/54515032/Modern+Bedroom+Design.jpg
68,Minimalist Bedroom Design9,Room,https://secure.img1-fg.wfcdn.com/im/27127634/resize-h540-w812%5Ecompr-r85/5342/53426575/Minimalist+Bedroom+Design.jpg
69,Modern Bedroom Design82,Room,https://secure.img1-fg.wfcdn.com/im/00649996/resize-h558-w812%5Ecompr-r85/5459/54595664/Modern+Bedroom+Design.jpg
70,Modern Bedroom Design83,Room,https://secure.img1-fg.wfcdn.com/im/72498260/resize-h558-w812%5Ecompr-r85/5460/54609714/Modern+Bedroom+Design.jpg
71,Bohemian Bedroom Design55,Room,https://secure.img1-fg.wfcdn.com/im/88665711/resize-h558-w812%5Ecompr-r85/5599/55998555/Bohemian+Bedroom+Design.jpg
72,Bedroom Design,Room,https://secure.img1-fg.wfcdn.com/im/70176612/resize-h540-w812%5Ecompr-r85/5627/56270357/Bedroom+Design.jpg
73,Scandinavian Bedroom Design3,Room,https://secure.img1-fg.wfcdn.com/im/70304334/resize-h1218-w812%5Ecompr-r85/5723/57236849/Scandinavian+Bedroom+Design.jpg
74,Modern Bedroom Design84,Room,https://secure.img1-fg.wfcdn.com/im/69237140/resize-h540-w812%5Ecompr-r85/5683/56837226/Modern+Bedroom+Design.jpg
75,Scandinavian Bedroom Design4,Room,https://secure.img1-fg.wfcdn.com/im/70304334/resize-h1218-w812%5Ecompr-r85/5723/57236849/Scandinavian+Bedroom+Design.jpg
76,Glam Bedroom Design18,Room,https://secure.img1-fg.wfcdn.com/im/93468536/resize-h540-w812%5Ecompr-r85/5830/58308799/Glam+Bedroom+Design.jpg
77,Modern Bedroom Design85,Room,https://secure.img1-fg.wfcdn.com/im/57093903/resize-h1246-w812%5Ecompr-r85/5866/58661257/Modern+Bedroom+Design.jpg
78,Mid-Century  Bedroom Design16,Room,https://secure.img1-fg.wfcdn.com/im/81809321/resize-h558-w812%5Ecompr-r85/5902/59025961/Mid-Century++Bedroom+Design.jpg
79,Modern Farmhouse Bedroom Design8,Room,https://secure.img1-fg.wfcdn.com/im/38687377/resize-h1156-w812%5Ecompr-r85/5939/59397971/Modern+Farmhouse+Bedroom+Design.jpg
80,Modern Farmhouse Bedroom Design9,Room,https://secure.img1-fg.wfcdn.com/im/38687377/resize-h1156-w812%5Ecompr-r85/5939/59397971/Modern+Farmhouse+Bedroom+Design.jpg
81,Modern Bedroom Design86,Room,https://secure.img1-fg.wfcdn.com/im/27151686/resize-h558-w812%5Ecompr-r85/5915/59154851/Modern+Bedroom+Design.jpg
82,Modern Rustic Bedroom Design8,Room,https://secure.img1-fg.wfcdn.com/im/30777561/resize-h1014-w812%5Ecompr-r85/6273/62733921/Modern+Rustic+Bedroom+Design.jpg
83,Modern Bedroom Design87,Room,https://secure.img1-fg.wfcdn.com/im/78566895/resize-h968-w812%5Ecompr-r85/6273/62732747/Modern+Bedroom+Design.jpg
84,Modern Bedroom Design88,Room,https://secure.img1-fg.wfcdn.com/im/43038566/resize-h1014-w812%5Ecompr-r85/6281/62811118/Modern+Bedroom+Design.jpg
85,Glam Bedroom Design19,Room,https://secure.img1-fg.wfcdn.com/im/19958024/resize-h562-w812%5Ecompr-r85/6285/62853405/Glam+Bedroom+Design.jpg
86,Traditional Bedroom Design33,Room,https://secure.img1-fg.wfcdn.com/im/41633867/resize-h812-w812%5Ecompr-r85/6295/62950837/Traditional+Bedroom+Design.jpg
87,Mid-Century  Bedroom Design17,Room,https://secure.img1-fg.wfcdn.com/im/74318608/resize-h812-w812%5Ecompr-r85/6409/64097186/Mid-Century++Bedroom+Design.jpg
88,Mid-Century  Bedroom Design18,Room,https://secure.img1-fg.wfcdn.com/im/74318608/resize-h812-w812%5Ecompr-r85/6409/64097186/Mid-Century++Bedroom+Design.jpg
89,Bohemian Bedroom Design56,Room,https://secure.img1-fg.wfcdn.com/im/38446777/resize-h540-w812%5Ecompr-r85/6390/63900390/Bohemian+Bedroom+Design.jpg
90,Mid-Century  Bedroom Design19,Room,https://secure.img1-fg.wfcdn.com/im/27782317/resize-h812-w812%5Ecompr-r85/6586/65864542/Mid-Century++Bedroom+Design.jpg
91,Industrial Bedroom Design8,Room,https://secure.img1-fg.wfcdn.com/im/47317635/resize-h558-w812%5Ecompr-r85/6602/66024519/Industrial+Bedroom+Design.jpg
92,Mid-Century  Bedroom Design20,Room,https://secure.img1-fg.wfcdn.com/im/27782317/resize-h812-w812%5Ecompr-r85/6586/65864542/Mid-Century++Bedroom+Design.jpg
93,Industrial Bedroom Design9,Room,https://secure.img1-fg.wfcdn.com/im/47317635/resize-h558-w812%5Ecompr-r85/6602/66024519/Industrial+Bedroom+Design.jpg
94,Bohemian Bedroom Design57,Room,https://secure.img1-fg.wfcdn.com/im/54036155/resize-h1014-w812%5Ecompr-r85/6874/68742042/Bohemian+Bedroom+Design.jpg
95,American Traditional Bedroom Design5,Room,https://secure.img1-fg.wfcdn.com/im/38800571/resize-h542-w812%5Ecompr-r85/6874/68741578/American+Traditional+Bedroom+Design.jpg
96,Mid-Century  Bedroom Design21,Room,https://secure.img1-fg.wfcdn.com/im/61886813/resize-h1014-w812%5Ecompr-r85/6874/68742073/Mid-Century++Bedroom+Design.jpg
97,American Traditional Bedroom Design6,Room,https://secure.img1-fg.wfcdn.com/im/38800571/resize-h542-w812%5Ecompr-r85/6874/68741578/American+Traditional+Bedroom+Design.jpg
98,Mid-Century  Bedroom Design22,Room,https://secure.img1-fg.wfcdn.com/im/54383008/resize-h1014-w812%5Ecompr-r85/6874/68742092/Mid-Century++Bedroom+Design.jpg
99,Modern Bedroom Design89,Room,https://secure.img1-fg.wfcdn.com/im/3478279/resize-h558-w812%5Ecompr-r85/6898/68986606/Modern+Bedroom+Design.jpg
100,Modern Bedroom Design90,Room,https://secure.img1-fg.wfcdn.com/im/00467910/resize-h1014-w812%5Ecompr-r85/7144/71445931/Modern+Bedroom+Design.jpg
101,Modern Farmhouse Bedroom Design10,Room,https://secure.img1-fg.wfcdn.com/im/60743455/resize-h608-w812%5Ecompr-r85/6942/69427072/Modern+Farmhouse+Bedroom+Design.jpg
102,Modern Bedroom Design91,Room,https://secure.img1-fg.wfcdn.com/im/96779965/resize-h1124-w812%5Ecompr-r85/7153/71532883/Modern+Bedroom+Design.jpg
103,Bohemian Bedroom Design58,Room,https://secure.img1-fg.wfcdn.com/im/03917681/resize-h540-w812%5Ecompr-r85/7187/71870030/Bohemian+Bedroom+Design.jpg
104,Modern Bedroom Design92,Room,https://secure.img1-fg.wfcdn.com/im/72430424/resize-h558-w812%5Ecompr-r85/3711/37114600/Modern+Bedroom+Design.jpg
105,Modern Bedroom Design93,Room,https://secure.img1-fg.wfcdn.com/im/52253978/resize-h558-w812%5Ecompr-r85/3756/37565118/Modern+Bedroom+Design.jpg
106,Modern Bedroom Design94,Room,https://secure.img1-fg.wfcdn.com/im/80171368/resize-h872-w812%5Ecompr-r85/3779/37790270/Modern+Bedroom+Design.jpg
107,Modern Bedroom Design95,Room,https://secure.img1-fg.wfcdn.com/im/97153224/resize-h558-w812%5Ecompr-r85/3756/37565127/Modern+Bedroom+Design.jpg
108,Modern Farmhouse Bedroom Design11,Room,https://secure.img1-fg.wfcdn.com/im/55296446/resize-h812-w812%5Ecompr-r85/3844/38443968/Modern+Farmhouse+Bedroom+Design.jpg
109,Mid-Century  Bedroom Design23,Room,https://secure.img1-fg.wfcdn.com/im/15806569/resize-h558-w812%5Ecompr-r85/3858/38586542/Mid-Century++Bedroom+Design.jpg
110,Minimalist Bedroom Design10,Room,https://secure.img1-fg.wfcdn.com/im/18780906/resize-h608-w812%5Ecompr-r85/3878/38781863/Minimalist+Bedroom+Design.jpg
111,Mid-Century  Bedroom Design24,Room,https://secure.img1-fg.wfcdn.com/im/07414223/resize-h558-w812%5Ecompr-r85/3880/38809724/Mid-Century++Bedroom+Design.jpg
112,Industrial Bedroom Design10,Room,https://secure.img1-fg.wfcdn.com/im/39213398/resize-h812-w812%5Ecompr-r85/3887/38874500/Industrial+Bedroom+Design.jpg
113,Mid-Century  Bedroom Design25,Room,https://secure.img1-fg.wfcdn.com/im/79207435/resize-h558-w812%5Ecompr-r85/3889/38897477/Mid-Century++Bedroom+Design.jpg
114,Industrial Bedroom Design11,Room,https://secure.img1-fg.wfcdn.com/im/13527405/resize-h558-w812%5Ecompr-r85/3898/38986102/Industrial+Bedroom+Design.jpg
115,Modern Bedroom Design96,Room,https://secure.img1-fg.wfcdn.com/im/07224887/resize-h540-w812%5Ecompr-r85/3894/38942077/Modern+Bedroom+Design.jpg
116,Modern Bedroom Design97,Room,https://secure.img1-fg.wfcdn.com/im/99964927/resize-h558-w812%5Ecompr-r85/3979/39791842/Modern+Bedroom+Design.jpg
117,Modern Bedroom Design98,Room,https://secure.img1-fg.wfcdn.com/im/71624039/resize-h558-w812%5Ecompr-r85/4001/40016350/Modern+Bedroom+Design.jpg
118,Bohemian Bedroom Design59,Room,https://secure.img1-fg.wfcdn.com/im/61377473/resize-h540-w812%5Ecompr-r85/3614/36148415/Bohemian+Bedroom+Design.jpg
119,Bohemian Bedroom Design60,Room,https://secure.img1-fg.wfcdn.com/im/93303137/resize-h540-w812%5Ecompr-r85/3614/36148703/Bohemian+Bedroom+Design.jpg
120,Bohemian Bedroom Design61,Room,https://secure.img1-fg.wfcdn.com/im/22051326/resize-h540-w812%5Ecompr-r85/3614/36148715/Bohemian+Bedroom+Design.jpg
121,Mid-Century  Bedroom Design26,Room,https://secure.img1-fg.wfcdn.com/im/17010377/resize-h1218-w812%5Ecompr-r85/3616/36160591/Mid-Century++Bedroom+Design.jpg
122,Modern Bedroom Design99,Room,https://secure.img1-fg.wfcdn.com/im/06439656/resize-h558-w812%5Ecompr-r85/3628/36287026/Modern+Bedroom+Design.jpg
123,Modern Bedroom Design100,Room,https://secure.img1-fg.wfcdn.com/im/77752506/resize-h812-w812%5Ecompr-r85/5217/52174549/Modern+Bedroom+Design.jpg
124,Tropical Bedroom Design1,Room,https://secure.img1-fg.wfcdn.com/im/07846701/resize-h540-w812%5Ecompr-r85/5255/52558522/Tropical+Bedroom+Design.jpg
125,Modern Bedroom Design101,Room,https://secure.img1-fg.wfcdn.com/im/12893918/resize-h1018-w812%5Ecompr-r85/5265/52651540/Modern+Bedroom+Design.jpg
126,Modern Bedroom Design102,Room,https://secure.img1-fg.wfcdn.com/im/58069811/resize-h540-w812%5Ecompr-r85/5255/52556014/Modern+Bedroom+Design.jpg
127,Minimalist Bedroom Design11,Room,https://secure.img1-fg.wfcdn.com/im/55324940/resize-h558-w812%5Ecompr-r85/5341/53416115/Minimalist+Bedroom+Design.jpg
128,Modern Bedroom Design103,Room,https://secure.img1-fg.wfcdn.com/im/78772232/resize-h558-w812%5Ecompr-r85/5453/54530537/Modern+Bedroom+Design.jpg
129,Modern Bedroom Design104,Room,https://secure.img1-fg.wfcdn.com/im/40989512/resize-h558-w812%5Ecompr-r85/5453/54532182/Modern+Bedroom+Design.jpg
130,Modern Bedroom Design105,Room,https://secure.img1-fg.wfcdn.com/im/77357702/resize-h558-w812%5Ecompr-r85/5460/54609664/Modern+Bedroom+Design.jpg
131,Bedroom Design1,Room,https://secure.img1-fg.wfcdn.com/im/90136677/resize-h574-w812%5Ecompr-r85/5627/56270371/Bedroom+Design.jpg
132,Bedroom Design2,Room,https://secure.img1-fg.wfcdn.com/im/11226559/resize-h558-w812%5Ecompr-r85/5627/56270348/Bedroom+Design.jpg
133,Scandinavian Bedroom Design5,Room,https://secure.img1-fg.wfcdn.com/im/2198856/resize-h1218-w812%5Ecompr-r85/5723/57236843/Scandinavian+Bedroom+Design.jpg
134,Mid-Century  Bedroom Design27,Room,https://secure.img1-fg.wfcdn.com/im/86318615/resize-h812-w812%5Ecompr-r85/5795/57954639/Mid-Century++Bedroom+Design.jpg
135,Scandinavian Bedroom Design6,Room,https://secure.img1-fg.wfcdn.com/im/2198856/resize-h1218-w812%5Ecompr-r85/5723/57236843/Scandinavian+Bedroom+Design.jpg
136,Modern Bedroom Design106,Room,https://secure.img1-fg.wfcdn.com/im/94798196/resize-h614-w812%5Ecompr-r85/5798/57988703/Modern+Bedroom+Design.jpg
137,Modern Bedroom Design107,Room,https://secure.img1-fg.wfcdn.com/im/05595780/resize-h1218-w812%5Ecompr-r85/5872/58723085/Modern+Bedroom+Design.jpg
138,Industrial Bedroom Design12,Room,https://secure.img1-fg.wfcdn.com/im/33091486/resize-h540-w812%5Ecompr-r85/5872/58725918/Industrial+Bedroom+Design.jpg
139,Modern Bedroom Design108,Room,https://secure.img1-fg.wfcdn.com/im/76212035/resize-h558-w812%5Ecompr-r85/5915/59154810/Modern+Bedroom+Design.jpg
140,Modern Bedroom Design109,Room,https://secure.img1-fg.wfcdn.com/im/27151686/resize-h558-w812%5Ecompr-r85/5915/59154851/Modern+Bedroom+Design.jpg
141,Modern Bedroom Design110,Room,https://secure.img1-fg.wfcdn.com/im/27048883/resize-h558-w812%5Ecompr-r85/5915/59158452/Modern+Bedroom+Design.jpg
142,Modern Bedroom Design111,Room,https://secure.img1-fg.wfcdn.com/im/40363788/resize-h1116-w812%5Ecompr-r85/5939/59397970/Modern+Bedroom+Design.jpg
143,Modern Bedroom Design112,Room,https://secure.img1-fg.wfcdn.com/im/66901500/resize-h558-w812%5Ecompr-r85/5915/59157504/Modern+Bedroom+Design.jpg
144,Modern Bedroom Design113,Room,https://secure.img1-fg.wfcdn.com/im/00571930/resize-h1014-w812%5Ecompr-r85/6273/62733942/Modern+Bedroom+Design.jpg
145,Modern Bedroom Design114,Room,https://secure.img1-fg.wfcdn.com/im/07489173/resize-h812-w812%5Ecompr-r85/6273/62732730/Modern+Bedroom+Design.jpg
146,Modern Bedroom Design115,Room,https://secure.img1-fg.wfcdn.com/im/88203672/resize-h812-w812%5Ecompr-r85/6286/62866168/Modern+Bedroom+Design.jpg
147,Glam Bedroom Design20,Room,https://secure.img1-fg.wfcdn.com/im/13018415/resize-h528-w812%5Ecompr-r85/6285/62853604/Glam+Bedroom+Design.jpg
148,Mid-Century  Bedroom Design28,Room,https://secure.img1-fg.wfcdn.com/im/19198399/resize-h812-w812%5Ecompr-r85/6368/63688092/Mid-Century++Bedroom+Design.jpg
149,Bohemian Bedroom Design62,Room,https://secure.img1-fg.wfcdn.com/im/38446777/resize-h540-w812%5Ecompr-r85/6390/63900390/Bohemian+Bedroom+Design.jpg
150,Mid-Century  Bedroom Design29,Room,https://secure.img1-fg.wfcdn.com/im/19198399/resize-h812-w812%5Ecompr-r85/6368/63688092/Mid-Century++Bedroom+Design.jpg
151,Modern Bedroom Design116,Room,https://secure.img1-fg.wfcdn.com/im/06704005/resize-h558-w812%5Ecompr-r85/6429/64290774/Modern+Bedroom+Design.jpg
152,Mid-Century  Bedroom Design30,Room,https://secure.img1-fg.wfcdn.com/im/25590858/resize-h812-w812%5Ecompr-r85/6496/64964002/Mid-Century++Bedroom+Design.jpg
153,Minimalist Bedroom Design12,Room,https://secure.img1-fg.wfcdn.com/im/19040048/resize-h558-w812%5Ecompr-r85/6596/65963775/Minimalist+Bedroom+Design.jpg
154,Bohemian Bedroom Design63,Room,https://secure.img1-fg.wfcdn.com/im/23919328/resize-h890-w812%5Ecompr-r85/6708/67089203/Bohemian+Bedroom+Design.jpg
155,Minimalist Bedroom Design13,Room,https://secure.img1-fg.wfcdn.com/im/19040048/resize-h558-w812%5Ecompr-r85/6596/65963775/Minimalist+Bedroom+Design.jpg
156,Scandinavian Bedroom Design7,Room,https://secure.img1-fg.wfcdn.com/im/81379414/resize-h1014-w812%5Ecompr-r85/6874/68741585/Scandinavian+Bedroom+Design.jpg
157,Modern Bedroom Design117,Room,https://secure.img1-fg.wfcdn.com/im/22304693/resize-h558-w812%5Ecompr-r85/6866/68669648/Modern+Bedroom+Design.jpg
158,Bohemian Bedroom Design64,Room,https://secure.img1-fg.wfcdn.com/im/54036155/resize-h1014-w812%5Ecompr-r85/6874/68742042/Bohemian+Bedroom+Design.jpg
159,Mid-Century  Bedroom Design31,Room,https://secure.img1-fg.wfcdn.com/im/23769040/resize-h652-w812%5Ecompr-r85/6874/68742062/Mid-Century++Bedroom+Design.jpg
160,Scandinavian Bedroom Design8,Room,https://secure.img1-fg.wfcdn.com/im/27361952/resize-h870-w812%5Ecompr-r85/6874/68742109/Scandinavian+Bedroom+Design.jpg
161,Modern Bedroom Design118,Room,https://secure.img1-fg.wfcdn.com/im/82295499/resize-h558-w812%5Ecompr-r85/6898/68986503/Modern+Bedroom+Design.jpg
162,Modern Bedroom Design119,Room,https://secure.img1-fg.wfcdn.com/im/33741271/resize-h1014-w812%5Ecompr-r85/7144/71445923/Modern+Bedroom+Design.jpg
163,Glam Bedroom Design21,Room,https://secure.img1-fg.wfcdn.com/im/73116399/resize-h812-w812%5Ecompr-r85/6942/69427127/Glam+Bedroom+Design.jpg
164,Coastal Bedroom Design,Room,https://secure.img1-fg.wfcdn.com/im/46341831/resize-h1014-w812%5Ecompr-r85/7187/71870048/Coastal+Bedroom+Design.jpg
165,Modern Bedroom Design120,Room,https://secure.img1-fg.wfcdn.com/im/95560815/resize-h562-w812%5Ecompr-r85/7187/71870054/Modern+Bedroom+Design.jpg
166,Bohemian Bedroom Design65,Room,https://secure.img1-fg.wfcdn.com/im/62112306/resize-h558-w812%5Ecompr-r85/3743/37431053/Bohemian+Bedroom+Design.jpg
167,Modern Bedroom Design121,Room,https://secure.img1-fg.wfcdn.com/im/97153224/resize-h558-w812%5Ecompr-r85/3756/37565127/Modern+Bedroom+Design.jpg
168,Modern Bedroom Design122,Room,https://secure.img1-fg.wfcdn.com/im/86093852/resize-h826-w812%5Ecompr-r85/3779/37790316/Modern+Bedroom+Design.jpg
169,Modern Bedroom Design123,Room,https://secure.img1-fg.wfcdn.com/im/52253978/resize-h558-w812%5Ecompr-r85/3756/37565118/Modern+Bedroom+Design.jpg
170,Bohemian Bedroom Design66,Room,https://secure.img1-fg.wfcdn.com/im/39602471/resize-h1040-w812%5Ecompr-r85/3779/37790332/Bohemian+Bedroom+Design.jpg
171,Bohemian Bedroom Design67,Room,https://secure.img1-fg.wfcdn.com/im/85451672/resize-h540-w812%5Ecompr-r85/3844/38447243/Bohemian+Bedroom+Design.jpg
172,Bohemian Bedroom Design68,Room,https://secure.img1-fg.wfcdn.com/im/47730171/resize-h558-w812%5Ecompr-r85/3874/38742119/Bohemian+Bedroom+Design.jpg
173,Minimalist Bedroom Design14,Room,https://secure.img1-fg.wfcdn.com/im/94899184/resize-h492-w812%5Ecompr-r85/3878/38781938/Minimalist+Bedroom+Design.jpg
174,Mid-Century  Bedroom Design32,Room,https://secure.img1-fg.wfcdn.com/im/30116049/resize-h558-w812%5Ecompr-r85/3880/38809726/Mid-Century++Bedroom+Design.jpg
175,Bohemian Bedroom Design69,Room,https://secure.img1-fg.wfcdn.com/im/11303149/resize-h558-w812%5Ecompr-r85/3881/38812632/Bohemian+Bedroom+Design.jpg
176,Glam Bedroom Design22,Room,https://secure.img1-fg.wfcdn.com/im/27738099/resize-h558-w812%5Ecompr-r85/3892/38921246/Glam+Bedroom+Design.jpg
177,Modern Bedroom Design124,Room,https://secure.img1-fg.wfcdn.com/im/34989713/resize-h558-w812%5Ecompr-r85/3924/39249295/Modern+Bedroom+Design.jpg
178,Modern Rustic Bedroom Design9,Room,https://secure.img1-fg.wfcdn.com/im/43215466/resize-h560-w812%5Ecompr-r85/4001/40016202/Modern+Rustic+Bedroom+Design.jpg
179,Mid-Century  Bedroom Design33,Room,https://secure.img1-fg.wfcdn.com/im/30587557/resize-h558-w812%5Ecompr-r85/3979/39791871/Mid-Century++Bedroom+Design.jpg0,Modern Bedroom Design125,Room,https://secure.img1-fg.wfcdn.com/im/57241294/resize-h560-w812%5Ecompr-r85/4001/40016374/Modern+Bedroom+Design.jpg
1,Mid-Century  Bedroom Design34,Room,https://secure.img1-fg.wfcdn.com/im/98084820/resize-h540-w812%5Ecompr-r85/4051/40514799/Mid-Century++Bedroom+Design.jpg
2,Bohemian Bedroom Design70,Room,https://secure.img1-fg.wfcdn.com/im/84938534/resize-h558-w812%5Ecompr-r85/4099/40995195/Bohemian+Bedroom+Design.jpg
3,Scandinavian Bedroom Design9,Room,https://secure.img1-fg.wfcdn.com/im/73785206/resize-h558-w812%5Ecompr-r85/4125/41253094/Scandinavian+Bedroom+Design.jpg
4,Modern Bedroom Design126,Room,https://secure.img1-fg.wfcdn.com/im/48882575/resize-h558-w812%5Ecompr-r85/4162/41622910/Modern+Bedroom+Design.jpg
5,Modern Bedroom Design127,Room,https://secure.img1-fg.wfcdn.com/im/27766364/resize-h1602-w812%5Ecompr-r85/4172/41728832/Modern+Bedroom+Design.jpg
6,Modern Bedroom Design128,Room,https://secure.img1-fg.wfcdn.com/im/37996694/resize-h496-w812%5Ecompr-r85/4172/41728849/Modern+Bedroom+Design.jpg
7,Modern Bedroom Design129,Room,https://secure.img1-fg.wfcdn.com/im/30867838/resize-h1044-w812%5Ecompr-r85/4180/41809324/Modern+Bedroom+Design.jpg
8,Mid-Century  Bedroom Design35,Room,https://secure.img1-fg.wfcdn.com/im/04829776/resize-h762-w812%5Ecompr-r85/4172/41728867/Mid-Century++Bedroom+Design.jpg
9,Bohemian Bedroom Design71,Room,https://secure.img1-fg.wfcdn.com/im/03025800/resize-h1218-w812%5Ecompr-r85/4200/42007706/Bohemian+Bedroom+Design.jpg
10,Bohemian Bedroom Design72,Room,https://secure.img1-fg.wfcdn.com/im/19801271/resize-h1218-w812%5Ecompr-r85/4201/42010974/Bohemian+Bedroom+Design.jpg
11,Bohemian Bedroom Design73,Room,https://secure.img1-fg.wfcdn.com/im/52117397/resize-h1218-w812%5Ecompr-r85/4204/42044625/Bohemian+Bedroom+Design.jpg
12,Modern Farmhouse Bedroom Design12,Room,https://secure.img1-fg.wfcdn.com/im/46695368/resize-h540-w812%5Ecompr-r85/4204/42044870/Modern+Farmhouse+Bedroom+Design.jpg
13,Bohemian Bedroom Design74,Room,https://secure.img1-fg.wfcdn.com/im/62433632/resize-h540-w812%5Ecompr-r85/4204/42044647/Bohemian+Bedroom+Design.jpg
14,Bohemian Bedroom Design75,Room,https://secure.img1-fg.wfcdn.com/im/94979884/resize-h540-w812%5Ecompr-r85/4223/42230381/Bohemian+Bedroom+Design.jpg
15,Modern Bedroom Design130,Room,https://secure.img1-fg.wfcdn.com/im/12523912/resize-h806-w812%5Ecompr-r85/4340/43405963/Modern+Bedroom+Design.jpg
16,Modern Bedroom Design131,Room,https://secure.img1-fg.wfcdn.com/im/37105198/resize-h558-w812%5Ecompr-r85/4340/43405439/Modern+Bedroom+Design.jpg
17,Modern Bedroom Design132,Room,https://secure.img1-fg.wfcdn.com/im/89642936/resize-h762-w812%5Ecompr-r85/4383/43834858/Modern+Bedroom+Design.jpg
18,Modern Bedroom Design133,Room,https://secure.img1-fg.wfcdn.com/im/50123123/resize-h550-w812%5Ecompr-r85/4340/43406015/Modern+Bedroom+Design.jpg
19,Modern Bedroom Design134,Room,https://secure.img1-fg.wfcdn.com/im/86599491/resize-h806-w812%5Ecompr-r85/4383/43834892/Modern+Bedroom+Design.jpg
20,Modern Bedroom Design135,Room,https://secure.img1-fg.wfcdn.com/im/75964936/resize-h550-w812%5Ecompr-r85/4383/43834877/Modern+Bedroom+Design.jpg
21,Modern Bedroom Design136,Room,https://secure.img1-fg.wfcdn.com/im/05259018/resize-h708-w812%5Ecompr-r85/4383/43834900/Modern+Bedroom+Design.jpg
22,Modern Bedroom Design137,Room,https://secure.img1-fg.wfcdn.com/im/42765647/resize-h568-w812%5Ecompr-r85/4383/43834899/Modern+Bedroom+Design.jpg
23,Bohemian Bedroom Design76,Room,https://secure.img1-fg.wfcdn.com/im/09124154/resize-h812-w812%5Ecompr-r85/4625/46259180/Bohemian+Bedroom+Design.jpg
24,Minimalist Bedroom Design15,Room,https://secure.img1-fg.wfcdn.com/im/63680819/resize-h540-w812%5Ecompr-r85/4540/45406481/Minimalist+Bedroom+Design.jpg
25,Mid-Century  Bedroom Design36,Room,https://secure.img1-fg.wfcdn.com/im/67262836/resize-h558-w812%5Ecompr-r85/4632/46327385/Mid-Century++Bedroom+Design.jpg
26,Modern Bedroom Design138,Room,https://secure.img1-fg.wfcdn.com/im/89935185/resize-h558-w812%5Ecompr-r85/4693/46935008/Modern+Bedroom+Design.jpg
27,Modern Bedroom Design139,Room,https://secure.img1-fg.wfcdn.com/im/24142297/resize-h558-w812%5Ecompr-r85/4738/47388953/Modern+Bedroom+Design.jpg
28,Modern Bedroom Design140,Room,https://secure.img1-fg.wfcdn.com/im/45334127/resize-h558-w812%5Ecompr-r85/4792/47921596/Modern+Bedroom+Design.jpg
29,Industrial Bedroom Design13,Room,https://secure.img1-fg.wfcdn.com/im/82378201/resize-h812-w812%5Ecompr-r85/4859/48593498/Industrial+Bedroom+Design.jpg
30,Bohemian Bedroom Design77,Room,https://secure.img1-fg.wfcdn.com/im/64552190/resize-h558-w812%5Ecompr-r85/4912/49120589/Bohemian+Bedroom+Design.jpg
31,Bohemian Bedroom Design78,Room,https://secure.img1-fg.wfcdn.com/im/09827831/resize-h558-w812%5Ecompr-r85/4951/49516491/Bohemian+Bedroom+Design.jpg
32,Traditional Bedroom Design34,Room,https://secure.img1-fg.wfcdn.com/im/30713627/resize-h538-w812%5Ecompr-r85/4957/49574635/Traditional+Bedroom+Design.jpg
33,Mid-Century  Bedroom Design37,Room,https://secure.img1-fg.wfcdn.com/im/95470979/resize-h810-w812%5Ecompr-r85/4997/49977707/Mid-Century++Bedroom+Design.jpg
34,Nautical Bedroom Design,Room,https://secure.img1-fg.wfcdn.com/im/87761532/resize-h538-w812%5Ecompr-r85/4957/49576803/Nautical+Bedroom+Design.jpg
35,Coastal Bedroom Design1,Room,https://secure.img1-fg.wfcdn.com/im/69784461/resize-h598-w812%5Ecompr-r85/5109/51097032/Coastal+Bedroom+Design.jpg
36,Modern Bedroom Design141,Room,https://secure.img1-fg.wfcdn.com/im/51020271/resize-h558-w812%5Ecompr-r85/5099/50995425/Modern+Bedroom+Design.jpg
37,Modern Bedroom Design142,Room,https://secure.img1-fg.wfcdn.com/im/41959858/resize-h550-w812%5Ecompr-r85/5095/50959215/Modern+Bedroom+Design.jpg
38,Modern Bedroom Design143,Room,https://secure.img1-fg.wfcdn.com/im/94672463/resize-h558-w812%5Ecompr-r85/7276/72762216/Modern+Bedroom+Design.jpg
39,Modern Bedroom Design144,Room,https://secure.img1-fg.wfcdn.com/im/45818202/resize-h558-w812%5Ecompr-r85/7283/72833056/Modern+Bedroom+Design.jpg
40,Modern Farmhouse Bedroom Design13,Room,https://secure.img1-fg.wfcdn.com/im/20715605/resize-h812-w812%5Ecompr-r85/7316/73167770/Modern+Farmhouse+Bedroom+Design.jpg
41,Modern Farmhouse Bedroom Design14,Room,https://secure.img1-fg.wfcdn.com/im/64281873/resize-h690-w812%5Ecompr-r85/7293/72939327/Modern+Farmhouse+Bedroom+Design.jpg
42,Modern Bedroom Design145,Room,https://secure.img1-fg.wfcdn.com/im/88951377/resize-h812-w812%5Ecompr-r85/7352/73523747/Modern+Bedroom+Design.jpg
43,Traditional Bedroom Design35,Room,https://secure.img1-fg.wfcdn.com/im/30349512/resize-h812-w812%5Ecompr-r85/7373/73739228/Traditional+Bedroom+Design.jpg
44,Modern Bedroom Design146,Room,https://secure.img1-fg.wfcdn.com/im/94740051/resize-h812-w812%5Ecompr-r85/7397/73975799/Modern+Bedroom+Design.jpg
45,Modern Bedroom Design147,Room,https://secure.img1-fg.wfcdn.com/im/87128532/resize-h812-w812%5Ecompr-r85/7432/74325433/Modern+Bedroom+Design.jpg
46,Modern Bedroom Design148,Room,https://secure.img1-fg.wfcdn.com/im/40598867/resize-h1014-w812%5Ecompr-r85/7606/76060664/Modern+Bedroom+Design.jpg
47,Modern Bedroom Design149,Room,https://secure.img1-fg.wfcdn.com/im/66203087/resize-h812-w812%5Ecompr-r85/7465/74651401/Modern+Bedroom+Design.jpg
48,Modern Bedroom Design150,Room,https://secure.img1-fg.wfcdn.com/im/63338633/resize-h812-w812%5Ecompr-r85/7819/78196443/Modern+Bedroom+Design.jpg
49,Modern Bedroom Design151,Room,https://secure.img1-fg.wfcdn.com/im/99737327/resize-h812-w812%5Ecompr-r85/8009/80094212/Modern+Bedroom+Design.jpg
50,Modern Rustic Bedroom Design10,Room,https://secure.img1-fg.wfcdn.com/im/34726554/resize-h1014-w812%5Ecompr-r85/8086/80866165/Modern+Rustic+Bedroom+Design.jpg
51,Modern Bedroom Design152,Room,https://secure.img1-fg.wfcdn.com/im/93284312/resize-h812-w812%5Ecompr-r85/8285/82851199/Modern+Bedroom+Design.jpg
52,Industrial Bedroom Design14,Room,https://secure.img1-fg.wfcdn.com/im/88199916/resize-h546-w812%5Ecompr-r85/1134/11347263/Industrial+Bedroom+Design.jpg
53,Traditional Bedroom Design36,Room,https://secure.img1-fg.wfcdn.com/im/12289266/resize-h540-w812%5Ecompr-r85/8731/8731417/Traditional+Bedroom+Design.jpg
54,Modern Bedroom Design153,Room,https://secure.img1-fg.wfcdn.com/im/95524340/resize-h1220-w812%5Ecompr-r85/1425/14258342/Modern+Bedroom+Design.jpg
55,Bohemian Bedroom Design79,Room,https://secure.img1-fg.wfcdn.com/im/65893807/resize-h1218-w812%5Ecompr-r85/1501/15010512/Bohemian+Bedroom+Design.jpg
56,Modern Bedroom Design154,Room,https://secure.img1-fg.wfcdn.com/im/03622426/resize-h540-w812%5Ecompr-r85/1522/15221042/Modern+Bedroom+Design.jpg
57,Glam Bedroom Design23,Room,https://secure.img1-fg.wfcdn.com/im/37831607/resize-h540-w812%5Ecompr-r85/1522/15221050/Glam+Bedroom+Design.jpg
58,Bohemian Bedroom Design80,Room,https://secure.img1-fg.wfcdn.com/im/64835009/resize-h492-w812%5Ecompr-r85/1522/15221043/Bohemian+Bedroom+Design.jpg
59,Glam Bedroom Design24,Room,https://secure.img1-fg.wfcdn.com/im/19071016/resize-h1218-w812%5Ecompr-r85/2622/26220121/Glam+Bedroom+Design.jpg
60,Modern Bedroom Design155,Room,https://secure.img1-fg.wfcdn.com/im/83117921/resize-h482-w812%5Ecompr-r85/2339/23397256/Modern+Bedroom+Design.jpg
61,Modern Bedroom Design156,Room,https://secure.img1-fg.wfcdn.com/im/90478757/resize-h558-w812%5Ecompr-r85/4001/40016370/Modern+Bedroom+Design.jpg
62,Modern Rustic Bedroom Design11,Room,https://secure.img1-fg.wfcdn.com/im/64032081/resize-h540-w812%5Ecompr-r85/4051/40514796/Modern+Rustic+Bedroom+Design.jpg
63,Bohemian Bedroom Design81,Room,https://secure.img1-fg.wfcdn.com/im/40980712/resize-h1130-w812%5Ecompr-r85/4051/40518548/Bohemian+Bedroom+Design.jpg
64,Glam Bedroom Design25,Room,https://secure.img1-fg.wfcdn.com/im/53001355/resize-h558-w812%5Ecompr-r85/4172/41728812/Glam+Bedroom+Design.jpg
65,Modern Bedroom Design157,Room,https://secure.img1-fg.wfcdn.com/im/88156457/resize-h1022-w812%5Ecompr-r85/4172/41728837/Modern+Bedroom+Design.jpg
66,Industrial Bedroom Design15,Room,https://secure.img1-fg.wfcdn.com/im/52452548/resize-h812-w812%5Ecompr-r85/4172/41728861/Industrial+Bedroom+Design.jpg
67,Modern Bedroom Design158,Room,https://secure.img1-fg.wfcdn.com/im/66530677/resize-h982-w812%5Ecompr-r85/4172/41728873/Modern+Bedroom+Design.jpg
68,Bohemian Bedroom Design82,Room,https://secure.img1-fg.wfcdn.com/im/40344807/resize-h1238-w812%5Ecompr-r85/4200/42009295/Bohemian+Bedroom+Design.jpg
69,Bohemian Bedroom Design83,Room,https://secure.img1-fg.wfcdn.com/im/19957713/resize-h1218-w812%5Ecompr-r85/4201/42010969/Bohemian+Bedroom+Design.jpg
70,Modern Bedroom Design159,Room,https://secure.img1-fg.wfcdn.com/im/29184327/resize-h1218-w812%5Ecompr-r85/4204/42044610/Modern+Bedroom+Design.jpg
71,Bohemian Bedroom Design84,Room,https://secure.img1-fg.wfcdn.com/im/62433632/resize-h540-w812%5Ecompr-r85/4204/42044647/Bohemian+Bedroom+Design.jpg
72,Modern Bedroom Design160,Room,https://secure.img1-fg.wfcdn.com/im/71619107/resize-h540-w812%5Ecompr-r85/4204/42044644/Modern+Bedroom+Design.jpg
73,Modern Farmhouse Bedroom Design15,Room,https://secure.img1-fg.wfcdn.com/im/46695368/resize-h540-w812%5Ecompr-r85/4204/42044870/Modern+Farmhouse+Bedroom+Design.jpg
74,Traditional Bedroom Design37,Room,https://secure.img1-fg.wfcdn.com/im/75227689/resize-h1158-w812%5Ecompr-r85/4289/42893323/Traditional+Bedroom+Design.jpg
75,Bohemian Bedroom Design85,Room,https://secure.img1-fg.wfcdn.com/im/42228869/resize-h540-w812%5Ecompr-r85/4223/42230399/Bohemian+Bedroom+Design.jpg
76,Modern Bedroom Design161,Room,https://secure.img1-fg.wfcdn.com/im/64274024/resize-h740-w812%5Ecompr-r85/4383/43834825/Modern+Bedroom+Design.jpg
77,Modern Bedroom Design162,Room,https://secure.img1-fg.wfcdn.com/im/55799420/resize-h430-w812%5Ecompr-r85/4383/43834849/Modern+Bedroom+Design.jpg
78,Modern Bedroom Design163,Room,https://secure.img1-fg.wfcdn.com/im/79929387/resize-h826-w812%5Ecompr-r85/4383/43834887/Modern+Bedroom+Design.jpg
79,Modern Bedroom Design164,Room,https://secure.img1-fg.wfcdn.com/im/12676944/resize-h696-w812%5Ecompr-r85/4383/43834872/Modern+Bedroom+Design.jpg
80,Modern Bedroom Design165,Room,https://secure.img1-fg.wfcdn.com/im/49087339/resize-h630-w812%5Ecompr-r85/4383/43834910/Modern+Bedroom+Design.jpg
81,Modern Bedroom Design166,Room,https://secure.img1-fg.wfcdn.com/im/85549437/resize-h620-w812%5Ecompr-r85/4383/43834908/Modern+Bedroom+Design.jpg
82,Industrial Bedroom Design16,Room,https://secure.img1-fg.wfcdn.com/im/88281301/resize-h558-w812%5Ecompr-r85/4545/45454027/Industrial+Bedroom+Design.jpg
83,Modern Bedroom Design167,Room,https://secure.img1-fg.wfcdn.com/im/06365016/resize-h558-w812%5Ecompr-r85/4653/46539076/Modern+Bedroom+Design.jpg
84,Industrial Bedroom Design17,Room,https://secure.img1-fg.wfcdn.com/im/88281301/resize-h558-w812%5Ecompr-r85/4545/45454027/Industrial+Bedroom+Design.jpg
85,Modern Bedroom Design168,Room,https://secure.img1-fg.wfcdn.com/im/06365016/resize-h558-w812%5Ecompr-r85/4653/46539076/Modern+Bedroom+Design.jpg
86,Modern Bedroom Design169,Room,https://secure.img1-fg.wfcdn.com/im/57472949/resize-h558-w812%5Ecompr-r85/4715/47153230/Modern+Bedroom+Design.jpg
87,Modern Bedroom Design170,Room,https://secure.img1-fg.wfcdn.com/im/07781133/resize-h558-w812%5Ecompr-r85/4792/47921561/Modern+Bedroom+Design.jpg
88,Modern Bedroom Design171,Room,https://secure.img1-fg.wfcdn.com/im/53469753/resize-h1208-w812%5Ecompr-r85/4792/47921834/Modern+Bedroom+Design.jpg
89,Industrial Bedroom Design18,Room,https://secure.img1-fg.wfcdn.com/im/00922114/resize-h558-w812%5Ecompr-r85/4912/49121557/Industrial+Bedroom+Design.jpg
90,Bohemian Bedroom Design86,Room,https://secure.img1-fg.wfcdn.com/im/84393105/resize-h558-w812%5Ecompr-r85/4956/49566098/Bohemian+Bedroom+Design.jpg
91,Traditional Bedroom Design38,Room,https://secure.img1-fg.wfcdn.com/im/67666683/resize-h538-w812%5Ecompr-r85/4957/49576769/Traditional+Bedroom+Design.jpg
92,Modern Bedroom Design172,Room,https://secure.img1-fg.wfcdn.com/im/25528529/resize-h588-w812%5Ecompr-r85/5086/50868418/Modern+Bedroom+Design.jpg
93,Traditional Bedroom Design39,Room,https://secure.img1-fg.wfcdn.com/im/08289453/resize-h538-w812%5Ecompr-r85/4957/49576794/Traditional+Bedroom+Design.jpg
94,Modern Bedroom Design173,Room,https://secure.img1-fg.wfcdn.com/im/42485121/resize-h1218-w812%5Ecompr-r85/5116/51164174/Modern+Bedroom+Design.jpg
95,Modern Bedroom Design174,Room,https://secure.img1-fg.wfcdn.com/im/53715679/resize-h812-w812%5Ecompr-r85/7292/72928541/Modern+Bedroom+Design.jpg
96,Modern Bedroom Design175,Room,https://secure.img1-fg.wfcdn.com/im/73884085/resize-h558-w812%5Ecompr-r85/7276/72763826/Modern+Bedroom+Design.jpg
97,Modern Bedroom Design176,Room,https://secure.img1-fg.wfcdn.com/im/38545076/resize-h812-w812%5Ecompr-r85/7310/73105247/Modern+Bedroom+Design.jpg
98,Modern Bedroom Design177,Room,https://secure.img1-fg.wfcdn.com/im/55656145/resize-h812-w812%5Ecompr-r85/7321/73213402/Modern+Bedroom+Design.jpg
99,Modern Farmhouse Bedroom Design16,Room,https://secure.img1-fg.wfcdn.com/im/83643602/resize-h974-w812%5Ecompr-r85/7345/73454881/Modern+Farmhouse+Bedroom+Design.jpg
100,Modern Farmhouse Bedroom Design17,Room,https://secure.img1-fg.wfcdn.com/im/98186257/resize-h812-w812%5Ecompr-r85/7388/73882006/Modern+Farmhouse+Bedroom+Design.jpg
101,Modern Farmhouse Bedroom Design18,Room,https://secure.img1-fg.wfcdn.com/im/15454880/resize-h812-w812%5Ecompr-r85/7409/74090988/Modern+Farmhouse+Bedroom+Design.jpg
102,Modern Farmhouse Bedroom Design19,Room,https://secure.img1-fg.wfcdn.com/im/68978028/resize-h812-w812%5Ecompr-r85/7433/74335377/Modern+Farmhouse+Bedroom+Design.jpg
103,Mid-Century  Bedroom Design38,Room,https://secure.img1-fg.wfcdn.com/im/54660747/resize-h1014-w812%5Ecompr-r85/7606/76060710/Mid-Century++Bedroom+Design.jpg
104,Modern Bedroom Design178,Room,https://secure.img1-fg.wfcdn.com/im/65970350/resize-h812-w812%5Ecompr-r85/7465/74651486/Modern+Bedroom+Design.jpg
105,Modern Bedroom Design179,Room,https://secure.img1-fg.wfcdn.com/im/15865257/resize-h812-w812%5Ecompr-r85/7936/79361420/Modern+Bedroom+Design.jpg
106,Modern Bedroom Design180,Room,https://secure.img1-fg.wfcdn.com/im/63367333/resize-h812-w812%5Ecompr-r85/8055/80559027/Modern+Bedroom+Design.jpg
107,Bohemian Bedroom Design87,Room,https://secure.img1-fg.wfcdn.com/im/49577722/resize-h1014-w812%5Ecompr-r85/8086/80866198/Bohemian+Bedroom+Design.jpg
108,Modern Bedroom Design181,Room,https://secure.img1-fg.wfcdn.com/im/79694001/resize-h540-w812%5Ecompr-r85/8463/8463911/Modern+Bedroom+Design.jpg
109,Traditional Bedroom Design40,Room,https://secure.img1-fg.wfcdn.com/im/32449554/resize-h1216-w812%5Ecompr-r85/1377/13772349/Traditional+Bedroom+Design.jpg
110,Traditional Bedroom Design41,Room,https://secure.img1-fg.wfcdn.com/im/43453979/resize-h540-w812%5Ecompr-r85/1065/10653722/Traditional+Bedroom+Design.jpg
111,Bohemian Bedroom Design88,Room,https://secure.img1-fg.wfcdn.com/im/35809191/resize-h544-w812%5Ecompr-r85/1498/14989737/Bohemian+Bedroom+Design.jpg
112,Mid-Century  Bedroom Design39,Room,https://secure.img1-fg.wfcdn.com/im/85846093/resize-h538-w812%5Ecompr-r85/1425/14258346/Mid-Century++Bedroom+Design.jpg
113,Glam Bedroom Design26,Room,https://secure.img1-fg.wfcdn.com/im/00935915/resize-h1218-w812%5Ecompr-r85/1516/15167609/Glam+Bedroom+Design.jpg
114,American Traditional Bedroom Design7,Room,https://secure.img1-fg.wfcdn.com/im/06706871/resize-h514-w812%5Ecompr-r85/1503/15038303/American+Traditional+Bedroom+Design.jpg
115,Traditional Bedroom Design42,Room,https://secure.img1-fg.wfcdn.com/im/97175385/resize-h540-w812%5Ecompr-r85/1522/15225928/Traditional+Bedroom+Design.jpg
116,Modern Bedroom Design182,Room,https://secure.img1-fg.wfcdn.com/im/66445723/resize-h482-w812%5Ecompr-r85/2339/23397252/Modern+Bedroom+Design.jpg
117,Traditional Bedroom Design43,Room,https://secure.img1-fg.wfcdn.com/im/05361332/resize-h540-w812%5Ecompr-r85/2580/25807942/Traditional+Bedroom+Design.jpg
118,Mid-Century  Bedroom Design40,Room,https://secure.img1-fg.wfcdn.com/im/00824242/resize-h540-w812%5Ecompr-r85/2622/26220919/Mid-Century++Bedroom+Design.jpg
119,Rustic Bedroom Design1,Room,https://secure.img1-fg.wfcdn.com/im/76692526/resize-h540-w812%5Ecompr-r85/4036/40365065/Rustic+Bedroom+Design.jpg
120,Modern Bedroom Design183,Room,https://secure.img1-fg.wfcdn.com/im/56897335/resize-h540-w812%5Ecompr-r85/4046/40464675/Modern+Bedroom+Design.jpg
121,Modern Bedroom Design184,Room,https://secure.img1-fg.wfcdn.com/im/29560662/resize-h2080-w812%5Ecompr-r85/4172/41728808/Modern+Bedroom+Design.jpg
122,Glam Bedroom Design27,Room,https://secure.img1-fg.wfcdn.com/im/60303206/resize-h812-w812%5Ecompr-r85/4172/41728830/Glam+Bedroom+Design.jpg
123,Glam Bedroom Design28,Room,https://secure.img1-fg.wfcdn.com/im/05874509/resize-h496-w812%5Ecompr-r85/4172/41728813/Glam+Bedroom+Design.jpg
124,Modern Bedroom Design185,Room,https://secure.img1-fg.wfcdn.com/im/36197378/resize-h1044-w812%5Ecompr-r85/4172/41728881/Modern+Bedroom+Design.jpg
125,Traditional Bedroom Design44,Room,https://secure.img1-fg.wfcdn.com/im/57780791/resize-h812-w812%5Ecompr-r85/4173/41735356/Traditional+Bedroom+Design.jpg
126,Modern Bedroom Design186,Room,https://secure.img1-fg.wfcdn.com/im/80288243/resize-h532-w812%5Ecompr-r85/4172/41728876/Modern+Bedroom+Design.jpg
127,Scandinavian Bedroom Design10,Room,https://secure.img1-fg.wfcdn.com/im/42659539/resize-h1218-w812%5Ecompr-r85/4201/42010967/Scandinavian+Bedroom+Design.jpg
128,Modern Bedroom Design187,Room,https://secure.img1-fg.wfcdn.com/im/10989208/resize-h558-w812%5Ecompr-r85/4180/41809329/Modern+Bedroom+Design.jpg
129,Tropical Bedroom Design2,Room,https://secure.img1-fg.wfcdn.com/im/25119703/resize-h1218-w812%5Ecompr-r85/4204/42044568/Tropical+Bedroom+Design.jpg
130,Modern Bedroom Design188,Room,https://secure.img1-fg.wfcdn.com/im/71619107/resize-h540-w812%5Ecompr-r85/4204/42044644/Modern+Bedroom+Design.jpg
131,Bohemian Bedroom Design89,Room,https://secure.img1-fg.wfcdn.com/im/52117397/resize-h1218-w812%5Ecompr-r85/4204/42044625/Bohemian+Bedroom+Design.jpg
132,Modern Bedroom Design189,Room,https://secure.img1-fg.wfcdn.com/im/38110590/resize-h454-w812%5Ecompr-r85/4207/42072246/Modern+Bedroom+Design.jpg
133,Modern Rustic Bedroom Design12,Room,https://secure.img1-fg.wfcdn.com/im/15528803/resize-h560-w812%5Ecompr-r85/4244/42448749/Modern+Rustic+Bedroom+Design.jpg
134,Glam Bedroom Design29,Room,https://secure.img1-fg.wfcdn.com/im/53348120/resize-h558-w812%5Ecompr-r85/4320/43202649/Glam+Bedroom+Design.jpg
135,Modern Bedroom Design190,Room,https://secure.img1-fg.wfcdn.com/im/60260328/resize-h808-w812%5Ecompr-r85/4383/43834844/Modern+Bedroom+Design.jpg
136,Modern Bedroom Design191,Room,https://secure.img1-fg.wfcdn.com/im/38434578/resize-h718-w812%5Ecompr-r85/4383/43834859/Modern+Bedroom+Design.jpg
137,Modern Bedroom Design192,Room,https://secure.img1-fg.wfcdn.com/im/35210227/resize-h724-w812%5Ecompr-r85/4383/43834864/Modern+Bedroom+Design.jpg
138,Modern Bedroom Design193,Room,https://secure.img1-fg.wfcdn.com/im/69049841/resize-h564-w812%5Ecompr-r85/4383/43834873/Modern+Bedroom+Design.jpg
139,Modern Bedroom Design194,Room,https://secure.img1-fg.wfcdn.com/im/38719038/resize-h690-w812%5Ecompr-r85/4383/43834924/Modern+Bedroom+Design.jpg
140,Modern Bedroom Design195,Room,https://secure.img1-fg.wfcdn.com/im/35187594/resize-h614-w812%5Ecompr-r85/4383/43834906/Modern+Bedroom+Design.jpg
141,Mid-Century  Bedroom Design41,Room,https://secure.img1-fg.wfcdn.com/im/67262836/resize-h558-w812%5Ecompr-r85/4632/46327385/Mid-Century++Bedroom+Design.jpg
142,Modern Bedroom Design196,Room,https://secure.img1-fg.wfcdn.com/im/65211907/resize-h540-w812%5Ecompr-r85/4528/45288979/Modern+Bedroom+Design.jpg
143,Bohemian Bedroom Design90,Room,https://secure.img1-fg.wfcdn.com/im/09124154/resize-h812-w812%5Ecompr-r85/4625/46259180/Bohemian+Bedroom+Design.jpg
144,Modern Bedroom Design197,Room,https://secure.img1-fg.wfcdn.com/im/19577533/resize-h558-w812%5Ecompr-r85/4709/47098937/Modern+Bedroom+Design.jpg
145,Modern Bedroom Design198,Room,https://secure.img1-fg.wfcdn.com/im/63016652/resize-h558-w812%5Ecompr-r85/4792/47921461/Modern+Bedroom+Design.jpg
146,Modern Bedroom Design199,Room,https://secure.img1-fg.wfcdn.com/im/89670667/resize-h558-w812%5Ecompr-r85/4792/47921679/Modern+Bedroom+Design.jpg
147,Modern Bedroom Design200,Room,https://secure.img1-fg.wfcdn.com/im/37297520/resize-h558-w812%5Ecompr-r85/4792/47922015/Modern+Bedroom+Design.jpg
148,Bohemian Bedroom Design91,Room,https://secure.img1-fg.wfcdn.com/im/26724745/resize-h558-w812%5Ecompr-r85/4837/48373891/Bohemian+Bedroom+Design.jpg
149,Traditional Bedroom Design45,Room,https://secure.img1-fg.wfcdn.com/im/88369869/resize-h1222-w812%5Ecompr-r85/4957/49576782/Traditional+Bedroom+Design.jpg
150,Traditional Bedroom Design46,Room,https://secure.img1-fg.wfcdn.com/im/52468662/resize-h538-w812%5Ecompr-r85/4957/49576786/Traditional+Bedroom+Design.jpg
151,Modern Bedroom Design201,Room,https://secure.img1-fg.wfcdn.com/im/68229779/resize-h540-w812%5Ecompr-r85/5086/50868344/Modern+Bedroom+Design.jpg
152,Traditional Bedroom Design47,Room,https://secure.img1-fg.wfcdn.com/im/10463358/resize-h538-w812%5Ecompr-r85/4957/49576805/Traditional+Bedroom+Design.jpg
153,Modern Bedroom Design202,Room,https://secure.img1-fg.wfcdn.com/im/27968754/resize-h558-w812%5Ecompr-r85/5098/50984468/Modern+Bedroom+Design.jpg
154,Modern Bedroom Design203,Room,https://secure.img1-fg.wfcdn.com/im/66032855/resize-h558-w812%5Ecompr-r85/5099/50996530/Modern+Bedroom+Design.jpg
155,Modern Bedroom Design204,Room,https://secure.img1-fg.wfcdn.com/im/35954695/resize-h616-w812%5Ecompr-r85/7293/72939309/Modern+Bedroom+Design.jpg
156,Modern Bedroom Design205,Room,https://secure.img1-fg.wfcdn.com/im/67175893/resize-h558-w812%5Ecompr-r85/7276/72763716/Modern+Bedroom+Design.jpg
157,Modern Farmhouse Bedroom Design20,Room,https://secure.img1-fg.wfcdn.com/im/12998523/resize-h1014-w812%5Ecompr-r85/7293/72939368/Modern+Farmhouse+Bedroom+Design.jpg
158,Modern Farmhouse Bedroom Design21,Room,https://secure.img1-fg.wfcdn.com/im/62841549/resize-h812-w812%5Ecompr-r85/7329/73296236/Modern+Farmhouse+Bedroom+Design.jpg
159,Traditional Bedroom Design48,Room,https://secure.img1-fg.wfcdn.com/im/71530382/resize-h812-w812%5Ecompr-r85/7336/73362884/Traditional+Bedroom+Design.jpg
160,Modern Farmhouse Bedroom Design22,Room,https://secure.img1-fg.wfcdn.com/im/69155271/resize-h812-w812%5Ecompr-r85/7364/73642482/Modern+Farmhouse+Bedroom+Design.jpg
161,Modern Bedroom Design206,Room,https://secure.img1-fg.wfcdn.com/im/43813634/resize-h1014-w812%5Ecompr-r85/7465/74651393/Modern+Bedroom+Design.jpg
162,Modern Bedroom Design207,Room,https://secure.img1-fg.wfcdn.com/im/37118864/resize-h812-w812%5Ecompr-r85/7440/74400996/Modern+Bedroom+Design.jpg
163,Modern Bedroom Design208,Room,https://secure.img1-fg.wfcdn.com/im/20608008/resize-h1014-w812%5Ecompr-r85/7606/76060713/Modern+Bedroom+Design.jpg
164,Modern Rustic Bedroom Design13,Room,https://secure.img1-fg.wfcdn.com/im/83938363/resize-h812-w812%5Ecompr-r85/7606/76060654/Modern+Rustic+Bedroom+Design.jpg
165,Modern Bedroom Design209,Room,https://secure.img1-fg.wfcdn.com/im/37834385/resize-h812-w812%5Ecompr-r85/8004/80044204/Modern+Bedroom+Design.jpg
166,Modern Farmhouse Bedroom Design23,Room,https://secure.img1-fg.wfcdn.com/im/39155169/resize-h812-w812%5Ecompr-r85/8060/80603197/Modern+Farmhouse+Bedroom+Design.jpg
167,Modern Bedroom Design210,Room,https://secure.img1-fg.wfcdn.com/im/14913138/resize-h812-w812%5Ecompr-r85/8061/80610439/Modern+Bedroom+Design.jpg
168,Modern Rustic Bedroom Design14,Room,https://secure.img1-fg.wfcdn.com/im/65921849/resize-h812-w812%5Ecompr-r85/8135/81350816/Modern+Rustic+Bedroom+Design.jpg
169,Traditional Bedroom Design49,Room,https://secure.img1-fg.wfcdn.com/im/19616994/resize-h676-w812%5Ecompr-r85/1377/13772339/Traditional+Bedroom+Design.jpg
170,Modern Bedroom Design211,Room,https://secure.img1-fg.wfcdn.com/im/80099061/resize-h540-w812%5Ecompr-r85/9385/9385199/Modern+Bedroom+Design.jpg
171,Modern Bedroom Design212,Room,https://secure.img1-fg.wfcdn.com/im/11834902/resize-h560-w812%5Ecompr-r85/1422/14221849/Modern+Bedroom+Design.jpg
172,Bohemian Bedroom Design92,Room,https://secure.img1-fg.wfcdn.com/im/74633730/resize-h540-w812%5Ecompr-r85/1377/13772357/Bohemian+Bedroom+Design.jpg
173,Mid-Century  Bedroom Design42,Room,https://secure.img1-fg.wfcdn.com/im/13635418/resize-h514-w812%5Ecompr-r85/1422/14221842/Mid-Century++Bedroom+Design.jpg
174,Mid-Century  Bedroom Design43,Room,https://secure.img1-fg.wfcdn.com/im/34877686/resize-h540-w812%5Ecompr-r85/1502/15027790/Mid-Century++Bedroom+Design.jpg
175,Modern Bedroom Design213,Room,https://secure.img1-fg.wfcdn.com/im/07884929/resize-h540-w812%5Ecompr-r85/1522/15221036/Modern+Bedroom+Design.jpg
176,Scandinavian Bedroom Design11,Room,https://secure.img1-fg.wfcdn.com/im/76477093/resize-h542-w812%5Ecompr-r85/2256/22565800/Scandinavian+Bedroom+Design.jpg
177,Modern Bedroom Design214,Room,https://secure.img1-fg.wfcdn.com/im/82248541/resize-h540-w812%5Ecompr-r85/1528/15284675/Modern+Bedroom+Design.jpg
178,Bohemian Bedroom Design93,Room,https://secure.img1-fg.wfcdn.com/im/60696562/resize-h1218-w812%5Ecompr-r85/2383/23830718/Bohemian+Bedroom+Design.jpg
179,Modern Bedroom Design215,Room,https://secure.img1-fg.wfcdn.com/im/78075554/resize-h540-w812%5Ecompr-r85/2631/26310018/Modern+Bedroom+Design.jpg
0,Modern Bedroom Design216,Room,https://secure.img1-fg.wfcdn.com/im/37754849/resize-h1218-w812%5Ecompr-r85/2871/28716133/Modern+Bedroom+Design.jpg
1,Modern Bedroom Design217,Room,https://secure.img1-fg.wfcdn.com/im/3702110/resize-h1218-w812%5Ecompr-r85/2871/28716136/Modern+Bedroom+Design.jpg
2,Traditional Bedroom Design50,Room,https://secure.img1-fg.wfcdn.com/im/16023669/resize-h540-w812%5Ecompr-r85/2961/29619685/Traditional+Bedroom+Design.jpg
3,Modern Bedroom Design218,Room,https://secure.img1-fg.wfcdn.com/im/82021198/resize-h1066-w812%5Ecompr-r85/3437/34377520/Modern+Bedroom+Design.jpg
4,Bohemian Bedroom Design94,Room,https://secure.img1-fg.wfcdn.com/im/08422633/resize-h540-w812%5Ecompr-r85/3159/31595551/Bohemian+Bedroom+Design.jpg
5,Modern Bedroom Design219,Room,https://secure.img1-fg.wfcdn.com/im/53889979/resize-h612-w812%5Ecompr-r85/3577/35771711/Modern+Bedroom+Design.jpg
6,Modern Bedroom Design220,Room,https://secure.img1-fg.wfcdn.com/im/46413284/resize-h558-w812%5Ecompr-r85/3558/35581512/Modern+Bedroom+Design.jpg
7,Bohemian Bedroom Design95,Room,https://secure.img1-fg.wfcdn.com/im/37561955/resize-h540-w812%5Ecompr-r85/3581/35811329/Bohemian+Bedroom+Design.jpg
8,Modern Bedroom Design221,Room,https://secure.img1-fg.wfcdn.com/im/98140514/resize-h1014-w812%5Ecompr-r85/3591/35917650/Modern+Bedroom+Design.jpg
9,Modern Bedroom Design222,Room,https://secure.img1-fg.wfcdn.com/im/93421629/resize-h540-w812%5Ecompr-r85/3611/36113961/Modern+Bedroom+Design.jpg
10,Minimalist Bedroom Design16,Room,https://secure.img1-fg.wfcdn.com/im/51508945/resize-h558-w812%5Ecompr-r85/5341/53418505/Minimalist+Bedroom+Design.jpg
11,Bohemian Bedroom Design96,Room,https://secure.img1-fg.wfcdn.com/im/52507752/resize-h540-w812%5Ecompr-r85/3617/36172844/Bohemian+Bedroom+Design.jpg
12,Mid-Century  Bedroom Design44,Room,https://secure.img1-fg.wfcdn.com/im/20564379/resize-h812-w812%5Ecompr-r85/6162/61625091/Mid-Century++Bedroom+Design.jpg
13,Modern Farmhouse Bedroom Design24,Room,https://secure.img1-fg.wfcdn.com/im/08581561/resize-h538-w812%5Ecompr-r85/5894/58947550/Modern+Farmhouse+Bedroom+Design.jpg
14,Minimalist Bedroom Design17,Room,https://secure.img1-fg.wfcdn.com/im/63795756/resize-h812-w812%5Ecompr-r85/6593/65936808/Minimalist+Bedroom+Design.jpg
15,Modern Farmhouse Bedroom Design25,Room,https://secure.img1-fg.wfcdn.com/im/82442264/resize-h812-w812%5Ecompr-r85/7264/72646037/Modern+Farmhouse+Bedroom+Design.jpg
16,Modern Bedroom Design223,Room,https://secure.img1-fg.wfcdn.com/im/48460649/resize-h1218-w812%5Ecompr-r85/4201/42010985/Modern+Bedroom+Design.jpg
17,Traditional Bedroom Design51,Room,https://secure.img1-fg.wfcdn.com/im/81027962/resize-h540-w812%5Ecompr-r85/4207/42072394/Traditional+Bedroom+Design.jpg
18,Traditional Bedroom Design52,Room,https://secure.img1-fg.wfcdn.com/im/55604334/resize-h580-w812%5Ecompr-r85/4491/44911460/Traditional+Bedroom+Design.jpg
19,Glam Bedroom Design30,Room,https://secure.img1-fg.wfcdn.com/im/47977044/resize-h558-w812%5Ecompr-r85/4271/42714204/Glam+Bedroom+Design.jpg
20,Modern Farmhouse Bedroom Design26,Room,https://secure.img1-fg.wfcdn.com/im/54763058/resize-h812-w812%5Ecompr-r85/7264/72640961/Modern+Farmhouse+Bedroom+Design.jpg
21,Modern Bedroom Design224,Room,https://secure.img1-fg.wfcdn.com/im/06512514/resize-h812-w812%5Ecompr-r85/7332/73323180/Modern+Bedroom+Design.jpg
22,Modern Bedroom Design225,Room,https://secure.img1-fg.wfcdn.com/im/09829805/resize-h812-w812%5Ecompr-r85/7344/73444312/Modern+Bedroom+Design.jpg
23,Modern Bedroom Design226,Room,https://secure.img1-fg.wfcdn.com/im/40286353/resize-h812-w812%5Ecompr-r85/7999/79992231/Modern+Bedroom+Design.jpg
24,Modern Bedroom Design227,Room,https://secure.img1-fg.wfcdn.com/im/35773778/resize-h1136-w812%5Ecompr-r85/2631/26310025/Modern+Bedroom+Design.jpg
25,Modern Bedroom Design228,Room,https://secure.img1-fg.wfcdn.com/im/18563175/resize-h570-w812%5Ecompr-r85/2637/26370399/Modern+Bedroom+Design.jpg
26,Modern Bedroom Design229,Room,https://secure.img1-fg.wfcdn.com/im/18848451/resize-h1218-w812%5Ecompr-r85/3014/30148232/Modern+Bedroom+Design.jpg
27,Bohemian Bedroom Design97,Room,https://secure.img1-fg.wfcdn.com/im/64708684/resize-h540-w812%5Ecompr-r85/3014/30148212/Bohemian+Bedroom+Design.jpg
28,Mid-Century  Bedroom Design45,Room,https://secure.img1-fg.wfcdn.com/im/26799117/resize-h608-w812%5Ecompr-r85/3466/34662684/Mid-Century++Bedroom+Design.jpg
29,Modern Bedroom Design230,Room,https://secure.img1-fg.wfcdn.com/im/20566076/resize-h540-w812%5Ecompr-r85/3460/34608929/Modern+Bedroom+Design.jpg
30,Traditional Bedroom Design53,Room,https://secure.img1-fg.wfcdn.com/im/97345820/resize-h540-w812%5Ecompr-r85/3577/35771530/Traditional+Bedroom+Design.jpg
31,American Traditional Bedroom Design8,Room,https://secure.img1-fg.wfcdn.com/im/92015366/resize-h1032-w812%5Ecompr-r85/3611/36110328/American+Traditional+Bedroom+Design.jpg
32,Modern Bedroom Design231,Room,https://secure.img1-fg.wfcdn.com/im/46398251/resize-h540-w812%5Ecompr-r85/3591/35917636/Modern+Bedroom+Design.jpg
33,Modern Bedroom Design232,Room,https://secure.img1-fg.wfcdn.com/im/95867807/resize-h558-w812%5Ecompr-r85/3628/36286978/Modern+Bedroom+Design.jpg
34,Modern Bedroom Design233,Room,https://secure.img1-fg.wfcdn.com/im/93421629/resize-h540-w812%5Ecompr-r85/3611/36113961/Modern+Bedroom+Design.jpg
35,Minimalist Bedroom Design18,Room,https://secure.img1-fg.wfcdn.com/im/15380965/resize-h540-w812%5Ecompr-r85/5342/53426639/Minimalist+Bedroom+Design.jpg
36,Mid-Century  Bedroom Design46,Room,https://secure.img1-fg.wfcdn.com/im/13822032/resize-h812-w812%5Ecompr-r85/6387/63871114/Mid-Century++Bedroom+Design.jpg
37,Modern Farmhouse Bedroom Design27,Room,https://secure.img1-fg.wfcdn.com/im/84263024/resize-h538-w812%5Ecompr-r85/5894/58947812/Modern+Farmhouse+Bedroom+Design.jpg
38,Modern Farmhouse Bedroom Design28,Room,https://secure.img1-fg.wfcdn.com/im/54763058/resize-h812-w812%5Ecompr-r85/7264/72640961/Modern+Farmhouse+Bedroom+Design.jpg
39,Scandinavian Bedroom Design12,Room,https://secure.img1-fg.wfcdn.com/im/15922558/resize-h558-w812%5Ecompr-r85/3979/39791603/Scandinavian+Bedroom+Design.jpg
40,Scandinavian Bedroom Design13,Room,https://secure.img1-fg.wfcdn.com/im/45546556/resize-h1218-w812%5Ecompr-r85/4200/42009627/Scandinavian+Bedroom+Design.jpg
41,Modern Bedroom Design234,Room,https://secure.img1-fg.wfcdn.com/im/86817128/resize-h540-w812%5Ecompr-r85/4204/42044661/Modern+Bedroom+Design.jpg
42,Modern Bedroom Design235,Room,https://secure.img1-fg.wfcdn.com/im/10465268/resize-h1216-w812%5Ecompr-r85/4589/45891324/Modern+Bedroom+Design.jpg
43,Traditional Bedroom Design54,Room,https://secure.img1-fg.wfcdn.com/im/64766366/resize-h538-w812%5Ecompr-r85/4957/49574638/Traditional+Bedroom+Design.jpg
44,Modern Farmhouse Bedroom Design29,Room,https://secure.img1-fg.wfcdn.com/im/98005927/resize-h812-w812%5Ecompr-r85/7273/72733970/Modern+Farmhouse+Bedroom+Design.jpg
45,Traditional Bedroom Design55,Room,https://secure.img1-fg.wfcdn.com/im/81740519/resize-h538-w812%5Ecompr-r85/4957/49576778/Traditional+Bedroom+Design.jpg
46,Modern Bedroom Design236,Room,https://secure.img1-fg.wfcdn.com/im/03244748/resize-h812-w812%5Ecompr-r85/7399/73995125/Modern+Bedroom+Design.jpg
47,Modern Bedroom Design237,Room,https://secure.img1-fg.wfcdn.com/im/57561325/resize-h812-w812%5Ecompr-r85/8104/81042216/Modern+Bedroom+Design.jpg
48,Modern Bedroom Design238,Room,https://secure.img1-fg.wfcdn.com/im/49502340/resize-h588-w812%5Ecompr-r85/2637/26370403/Modern+Bedroom+Design.jpg
49,Modern Rustic Bedroom Design15,Room,https://secure.img1-fg.wfcdn.com/im/44470839/resize-h578-w812%5Ecompr-r85/2763/27634698/Modern+Rustic+Bedroom+Design.jpg
50,Bohemian Bedroom Design98,Room,https://secure.img1-fg.wfcdn.com/im/17403942/resize-h540-w812%5Ecompr-r85/2871/28715204/Bohemian+Bedroom+Design.jpg
51,Modern Farmhouse Bedroom Design30,Room,https://secure.img1-fg.wfcdn.com/im/88799262/resize-h1218-w812%5Ecompr-r85/3014/30148248/Modern+Farmhouse+Bedroom+Design.jpg
52,Modern Bedroom Design239,Room,https://secure.img1-fg.wfcdn.com/im/68555792/resize-h540-w812%5Ecompr-r85/3014/30148230/Modern+Bedroom+Design.jpg
53,Industrial Bedroom Design19,Room,https://secure.img1-fg.wfcdn.com/im/33720748/resize-h558-w812%5Ecompr-r85/3254/32546527/Industrial+Bedroom+Design.jpg
54,Minimalist Bedroom Design19,Room,https://secure.img1-fg.wfcdn.com/im/05108408/resize-h558-w812%5Ecompr-r85/3353/33532813/Minimalist+Bedroom+Design.jpg
55,Bohemian Bedroom Design99,Room,https://secure.img1-fg.wfcdn.com/im/35597345/resize-h1218-w812%5Ecompr-r85/3570/35702101/Bohemian+Bedroom+Design.jpg
56,Modern Bedroom Design240,Room,https://secure.img1-fg.wfcdn.com/im/77317601/resize-h540-w812%5Ecompr-r85/3586/35863726/Modern+Bedroom+Design.jpg
57,Modern Bedroom Design241,Room,https://secure.img1-fg.wfcdn.com/im/96586034/resize-h548-w812%5Ecompr-r85/3591/35916900/Modern+Bedroom+Design.jpg
58,Modern Bedroom Design242,Room,https://secure.img1-fg.wfcdn.com/im/22530842/resize-h540-w812%5Ecompr-r85/3586/35863785/Modern+Bedroom+Design.jpg
59,Bohemian Bedroom Design100,Room,https://secure.img1-fg.wfcdn.com/im/21899878/resize-h1218-w812%5Ecompr-r85/3614/36148521/Bohemian+Bedroom+Design.jpg
60,Modern Farmhouse Bedroom Design31,Room,https://secure.img1-fg.wfcdn.com/im/55377303/resize-h874-w812%5Ecompr-r85/5713/57133485/Modern+Farmhouse+Bedroom+Design.jpg
61,Mid-Century  Bedroom Design47,Room,https://secure.img1-fg.wfcdn.com/im/18749569/resize-h540-w812%5Ecompr-r85/5902/59025610/Mid-Century++Bedroom+Design.jpg
62,Modern Bedroom Design243,Room,https://secure.img1-fg.wfcdn.com/im/62394428/resize-h1218-w812%5Ecompr-r85/3844/38444560/Modern+Bedroom+Design.jpg
63,Modern Bedroom Design244,Room,https://secure.img1-fg.wfcdn.com/im/68165073/resize-h496-w812%5Ecompr-r85/4172/41728853/Modern+Bedroom+Design.jpg
64,Modern Bedroom Design245,Room,https://secure.img1-fg.wfcdn.com/im/85078108/resize-h1218-w812%5Ecompr-r85/4200/42009311/Modern+Bedroom+Design.jpg
65,Bohemian Bedroom Design101,Room,https://secure.img1-fg.wfcdn.com/im/96150866/resize-h812-w812%5Ecompr-r85/4244/42448942/Bohemian+Bedroom+Design.jpg
66,Modern Bedroom Design246,Room,https://secure.img1-fg.wfcdn.com/im/02634460/resize-h562-w812%5Ecompr-r85/4383/43834926/Modern+Bedroom+Design.jpg
67,Minimalist Bedroom Design20,Room,https://secure.img1-fg.wfcdn.com/im/04566200/resize-h558-w812%5Ecompr-r85/4454/44545084/Minimalist+Bedroom+Design.jpg
68,Modern Farmhouse Bedroom Design32,Room,https://secure.img1-fg.wfcdn.com/im/82442264/resize-h812-w812%5Ecompr-r85/7264/72646037/Modern+Farmhouse+Bedroom+Design.jpg
69,Traditional Bedroom Design56,Room,https://secure.img1-fg.wfcdn.com/im/64766366/resize-h538-w812%5Ecompr-r85/4957/49574638/Traditional+Bedroom+Design.jpg
70,Traditional Bedroom Design57,Room,https://secure.img1-fg.wfcdn.com/im/65384108/resize-h812-w812%5Ecompr-r85/7334/73342385/Traditional+Bedroom+Design.jpg
71,Modern Farmhouse Bedroom Design33,Room,https://secure.img1-fg.wfcdn.com/im/91359084/resize-h812-w812%5Ecompr-r85/7995/79957675/Modern+Farmhouse+Bedroom+Design.jpg
